attempts_on_target_from_inside_the_area,name,id,yellow_cards,fouls_suffered,role,attempts_inside_the_area,crosses_attempted,corners,distance_covered__km_,height,top_speed__km_h_,recovered_balls,country,penalties_scored,distance_covered_in_possession__km_,shots_blocked,fouls_causing_penalty,goals_scored_by_backheel,total_passes,short_passes_completed,age,attempts_outside_the_area,offsides,medium_passes_completed,red_cards,jerseynum,tackles_suffered,clearances,attempts_on_target,headed_goals,attempts_on_target_from_outside_the_area,international_goals,tackles,attempts,goals_scored_with_the_right_foot,blocks,lost_balls,attempts_off_target,save_rate,passes_completed,goals_scored,long_passes_completed,dribbles_into_penalty_area,international_caps,crosses_completed,tackles_won,shots_from_free_kick,goal_kicks_successfully_reaching_a_team_mate,throws,distance_covered_not_in_possession__km_,fouls_committed,deliveries_into_penalty_area,minutes_played,date_of_birth,goals_scored_with_the_left_foot,saves,matches_played,attempts_against_woodwork,assists
1,han peng,302573,0,2,midfielder,1,5,1,37.8,165.0,0,0,china pr,0,0,1,0,0,201,0,29,3,0,0,0,6,0,17,2,0,1,4,14,4,0,3,0,1,0,143,0,0,0,97,0,0,0,0,0,0,4,0,360,1989-12-20 00:00:00,0,0,4,0,0
0,lou jiahui,298539,0,1,forward,0,1,0,6.3,167.0,0,0,china pr,0,0,0,0,0,13,0,28,0,0,0,0,4,0,2,0,0,0,4,1,0,0,0,0,0,0,8,0,0,0,113,0,0,0,0,0,0,1,0,58,1991-05-26 00:00:00,0,0,2,0,0
0,tan ruyin,381421,0,0,midfielder,0,0,0,6.9,166.0,0,0,china pr,0,0,0,0,0,29,0,24,0,0,0,0,19,0,1,0,0,0,1,4,0,0,1,0,0,0,17,0,0,0,52,0,0,0,0,0,0,3,0,57,1994-07-17 00:00:00,0,0,1,0,0
,xu huan,381061,,,goalkeeper,,,,,180.0,,,china pr,,,,,,,,20,,,,,1,,,,,,0,,,,,,,,,,,,1,,,,,,,,,,1999-03-06 00:00:00,,,,,
1,lin yuping,357318,0,2,defender,2,0,0,38,180.0,0,0,china pr,0,0,0,0,0,131,0,27,0,0,0,0,3,0,8,1,0,0,0,2,2,0,4,0,1,0,84,0,0,0,16,0,0,0,0,0,0,1,0,360,1992-02-28 00:00:00,0,0,4,0,0
0,wang shanshan,386979,1,1,forward,5,3,0,30.3,170.0,0,0,china pr,0,0,1,0,0,107,0,29,1,2,0,0,11,0,4,0,0,0,45,4,6,0,0,0,5,0,69,0,0,0,135,0,0,0,0,0,0,3,0,286,1990-01-27 00:00:00,0,0,4,0,0
,li jiayue,386980,,,defender,,,,,176.0,,,china pr,,,,,,,,29,,,,,8,,,,,,1,,,,,,,,,,,,67,,,,,,,,,,1990-06-08 00:00:00,,,,,
0,peng shimeng,378004,0,0,goalkeeper,0,0,0,16.4,182.0,0,0,china pr,0,0,0,0,0,38,0,21,0,0,0,0,12,0,1,0,0,0,0,0,0,0,0,0,0,85,18,0,0,0,18,0,0,0,0,0,0,0,0,360,1998-05-12 00:00:00,0,17,4,0,0
0,song duan,358722,0,2,forward,0,0,0,5.5,170.0,0,0,china pr,0,0,0,0,0,31,0,23,1,0,0,0,15,0,0,0,0,0,7,1,1,0,0,0,1,0,21,0,0,0,24,0,0,0,0,0,0,0,0,50,1995-08-02 00:00:00,0,0,2,0,0
1,wang shuang,357314,1,3,forward,2,15,13,32.6,165.0,0,0,china pr,0,0,1,0,0,126,0,24,5,1,0,0,7,0,1,1,0,0,26,3,7,0,0,0,5,0,82,0,0,0,99,0,0,0,0,0,0,7,0,280,1995-01-23 00:00:00,0,0,4,0,0
0,liu shanshan,357313,1,1,defender,0,4,0,38.4,169.0,0,0,china pr,0,0,0,0,0,187,0,27,1,0,0,0,2,0,11,1,0,1,1,7,1,0,0,0,0,0,120,0,0,0,113,0,0,0,0,0,0,3,0,360,1992-03-16 00:00:00,0,0,4,0,0
,bi xiaolin,395157,,,goalkeeper,,,,,177.0,,,china pr,,,,,,,,29,,,,,18,,,,,,0,,,,,,,,,,,,35,,,,,,,,,,1989-09-18 00:00:00,,,,,
0,wang yan,395158,0,1,defender,0,2,0,27.6,173.0,0,0,china pr,0,0,0,0,0,106,0,27,1,0,0,0,13,0,9,1,0,1,0,9,1,0,2,0,0,0,74,0,0,0,29,0,0,0,0,0,0,2,0,232,1991-08-22 00:00:00,0,0,3,0,0
0,li wen,251972,1,0,defender,0,0,0,4.5,169.0,0,0,china pr,0,0,0,0,0,5,0,30,0,0,0,0,16,0,0,0,0,0,3,0,0,0,0,0,0,0,2,0,0,0,32,0,0,0,0,0,0,0,0,35,1989-02-21 00:00:00,0,0,1,0,0
,wang ying,378015,,,defender,,,,,170.0,,,china pr,,,,,,,,21,,,,,14,,,,,,0,,,,,,,,,,,,3,,,,,,,,,,1997-11-18 00:00:00,,,,,
0,wu haiyan,357266,0,3,defender,0,0,0,38.5,166.0,0,0,china pr,0,0,0,0,0,156,0,26,0,0,0,0,5,0,16,0,0,0,0,7,0,0,3,0,0,0,105,0,0,0,117,0,0,0,0,0,0,3,0,360,1993-02-26 00:00:00,0,0,4,0,0
,luo guiping,357282,,,midfielder,,,,,168.0,,,china pr,,,,,,,,26,,,,,22,,,,,,0,,,,,,,,,,,,1,,,,,,,,,,1993-04-20 00:00:00,,,,,
0,yao wei,378028,0,1,midfielder,0,2,0,11.7,167.0,0,0,china pr,0,0,1,0,0,44,0,21,1,0,0,0,21,0,1,0,0,0,3,2,1,0,0,0,0,0,37,0,0,0,17,0,0,0,0,0,0,4,0,89,1997-09-01 00:00:00,0,0,4,0,0
1,zhang rui,298729,0,7,midfielder,2,2,1,42.8,172.0,0,0,china pr,0,0,1,0,0,214,0,30,4,0,0,0,20,0,6,1,0,0,24,4,6,0,0,0,4,0,158,0,0,0,148,0,0,0,0,0,0,7,1,360,1989-01-17 00:00:00,0,0,4,0,1
1,li ying,357262,0,3,forward,5,5,0,30.6,172.0,0,0,china pr,0,0,3,0,0,89,0,26,0,1,0,0,10,0,1,1,0,0,27,3,5,0,1,0,1,0,68,1,0,0,110,0,0,0,0,0,0,4,0,258,1993-01-07 00:00:00,1,0,3,0,0
0,gu yasha,298538,0,2,forward,2,10,4,33.2,165.0,0,0,china pr,0,0,1,0,0,112,0,28,0,2,0,0,17,0,4,0,0,0,13,2,2,0,0,0,1,0,64,0,0,0,120,0,0,0,0,0,0,6,0,287,1990-11-28 00:00:00,0,0,4,0,0
,liu yanqiu,358983,,,midfielder,,,,,159.0,,,china pr,,,,,,,,23,,,,,23,,,,,,0,,,,,,,,,,,,2,,,,,,,,,,1995-12-31 00:00:00,,,,,
1,yang li,386982,1,1,forward,2,0,0,19.1,167.0,0,0,china pr,0,0,4,0,0,41,0,28,4,1,0,0,9,0,2,1,0,0,31,1,6,0,0,0,1,0,28,0,0,0,62,0,0,0,0,0,0,6,0,168,1991-01-31 00:00:00,0,0,4,0,0
,aline,395358,,,goalkeeper,,,,,162.0,,,brazil,,,,,,,,30,,,,,12,,,,,,0,,,,,,,,,,,,8,,,,,,,,,,1989-04-15 00:00:00,,,,,
0,barbara,251049,0,2,goalkeeper,0,0,0,17.6,171.0,0,0,brazil,0,0,0,0,0,94,0,31,0,0,0,0,1,0,1,0,0,0,0,0,0,0,0,0,0,70.6,81,0,0,0,74,0,0,0,0,0,0,0,0,390,1988-07-04 00:00:00,0,12,4,0,0
1,andressa,322662,1,1,midfielder,1,14,8,20.9,168.0,0,0,brazil,0,0,1,0,0,78,0,26,3,0,0,0,7,0,8,2,0,1,18,6,4,0,0,0,1,0,61,0,0,0,84,0,0,1,0,0,0,1,0,180,1992-11-10 00:00:00,0,0,2,0,2
2,marta,190358,0,7,forward,2,12,7,27,162.0,0,0,brazil,2,0,1,0,0,113,0,33,4,0,0,0,10,0,4,3,0,1,107,2,6,0,0,0,2,0,78,2,0,0,147,0,0,0,0,0,0,4,0,249,1986-02-19 00:00:00,2,0,3,0,0
1,thaisa,387316,0,2,midfielder,2,1,0,41.4,166.0,0,0,brazil,0,0,2,0,0,132,0,30,2,0,0,0,5,0,11,1,0,0,6,5,4,0,0,0,1,0,102,1,0,0,82,0,0,0,0,0,0,6,0,390,1988-12-17 00:00:00,1,0,4,0,0
,camila,357768,,,midfielder,,,,,159.0,,,brazil,,,,,,,,24,,,,,15,,,,,,2,,,,,,,,,,,,17,,,,,,,,,,1994-10-10 00:00:00,,,,,
0,poliana,322664,0,0,defender,0,0,0,5.6,172.0,0,0,brazil,0,0,0,0,0,17,0,28,0,0,0,0,2,0,2,0,0,0,5,0,0,0,0,0,0,0,11,0,0,0,63,0,0,0,0,0,0,0,0,45,1991-02-06 00:00:00,0,0,2,0,0
1,geyse,398377,0,0,forward,1,1,0,5.5,169.0,0,0,brazil,0,0,0,0,0,11,0,21,0,0,0,0,23,0,2,1,0,0,0,1,1,0,0,0,0,0,8,0,0,0,9,0,0,0,0,0,0,3,0,49,1998-03-27 00:00:00,0,0,2,0,0
0,formiga,31,3,0,midfielder,0,1,0,24.6,162.0,0,0,brazil,0,0,0,0,0,93,0,41,0,0,0,0,8,0,16,0,0,0,26,6,0,0,1,0,0,0,73,0,0,0,189,0,0,0,0,0,0,5,0,210,1978-03-03 00:00:00,0,0,3,0,0
3,debinha,322658,0,5,forward,8,8,4,43.3,157.0,0,0,brazil,0,0,4,0,0,120,0,27,5,1,0,0,9,0,4,4,0,1,28,4,13,0,0,0,5,0,78,0,0,0,85,0,0,0,0,0,0,2,1,390,1991-10-20 00:00:00,0,0,4,0,1
,raquel fernandes,296327,,,forward,,,,,160.0,,,brazil,,,,,,,,28,,,,,20,,,,,,8,,,,,,,,,,,,46,,,,,,,,,,1991-03-21 00:00:00,,,,,
0,andressinha,321158,0,2,midfielder,0,3,4,15.5,160.0,0,0,brazil,0,0,0,0,0,61,0,24,2,0,0,0,17,0,1,1,0,1,10,2,2,0,0,0,1,0,46,0,0,0,71,0,0,2,0,0,0,3,0,135,1995-05-01 00:00:00,0,0,2,0,0
0,monica,251055,0,1,defender,4,0,0,40.3,168.0,0,0,brazil,0,0,3,0,0,218,0,32,0,0,0,0,21,0,12,0,0,0,9,0,4,0,2,0,1,0,180,0,0,0,62,0,0,0,0,0,0,2,0,390,1987-04-21 00:00:00,0,0,4,0,0
,tayla,357683,,,defender,,,,,173.0,,,brazil,,,,,,,,27,,,,,4,,,,,,1,,,,,,,,,,,,17,,,,,,,,,,1992-05-09 00:00:00,,,,,
6,cristiane,190362,0,2,forward,6,1,0,28.9,176.0,0,0,brazil,0,0,0,0,0,51,0,34,2,4,0,0,11,0,3,7,2,1,93,2,8,0,0,0,1,0,32,4,0,0,142,0,0,1,0,0,0,1,0,301,1985-05-15 00:00:00,2,0,4,0,0
0,beatriz,296328,1,3,forward,2,1,0,17.5,176.0,0,0,brazil,0,0,1,0,0,49,0,25,1,0,0,0,16,0,1,0,0,0,22,1,3,0,0,0,2,0,29,0,0,0,72,0,0,0,0,0,0,5,0,154,1993-12-17 00:00:00,0,0,4,0,0
0,ludmila,420479,0,1,forward,3,3,0,24.6,163.0,0,0,brazil,0,0,0,0,0,40,0,24,1,3,0,0,19,0,3,0,0,0,1,3,4,0,0,0,4,0,25,0,0,0,16,0,0,0,0,0,0,4,0,231,1994-12-01 00:00:00,0,0,4,0,0
0,leticia santos,357729,1,5,defender,0,7,0,38.2,156.0,0,0,brazil,0,0,0,0,0,136,0,24,1,0,0,0,13,0,13,0,0,0,0,7,1,0,2,0,1,0,91,0,0,0,24,0,0,0,0,0,0,9,0,345,1994-12-02 00:00:00,0,0,4,0,0
0,kathellen,420472,2,2,defender,2,2,0,39,175.0,0,0,brazil,0,0,0,0,0,153,0,23,0,0,0,0,14,0,20,0,0,0,0,6,2,0,3,0,2,0,108,0,0,0,8,0,0,0,0,0,0,7,0,376,1996-04-26 00:00:00,0,0,4,0,0
,leticia,321160,,,goalkeeper,,,,,174.0,,,brazil,,,,,,,,24,,,,,22,,,,,,0,,,,,,,,,,,,1,,,,,,,,,,1994-08-13 00:00:00,,,,,
0,luana,321165,1,0,midfielder,0,1,0,6.3,173.0,0,0,brazil,0,0,1,0,0,20,0,26,1,0,0,0,18,0,2,0,0,0,0,2,1,0,1,0,0,0,15,0,0,0,9,0,0,0,0,0,0,1,0,51,1993-05-02 00:00:00,0,0,2,0,0
0,tamires,215194,1,2,defender,0,14,1,40.6,161.0,0,0,brazil,0,0,0,0,0,272,0,31,1,2,0,0,6,0,16,1,0,1,4,8,1,0,0,0,0,0,205,0,0,0,94,0,0,0,0,0,0,5,0,390,1987-10-10 00:00:00,0,0,4,0,0
0,daiane,398373,1,0,defender,0,0,0,1.8,178.0,0,0,brazil,0,0,0,0,0,0,0,21,0,0,0,0,3,0,0,0,0,0,0,0,0,0,1,0,0,0,0,0,0,0,5,0,0,0,0,0,0,1,0,14,1997-09-07 00:00:00,0,0,1,0,0
1,delphine cascarino,358569,0,3,forward,2,14,0,21.6,165.0,0,0,france,0,0,1,0,0,79,0,22,0,0,0,0,20,0,2,1,0,0,3,2,4,0,0,0,2,0,58,0,0,0,18,0,0,0,0,0,0,2,0,182,1997-02-05 00:00:00,0,0,5,0,0
0,grace geyoro,358581,0,2,midfielder,0,0,2,2.2,169.0,0,0,france,0,0,0,0,0,5,0,22,0,0,0,0,8,0,0,0,0,0,1,0,0,0,0,0,0,0,4,0,0,0,24,0,0,0,0,0,0,0,0,5,1997-07-02 00:00:00,0,0,2,0,0
5,valerie gauvin,395230,1,3,forward,7,1,0,37.1,172.0,0,0,france,0,0,1,0,0,57,0,23,2,3,0,0,13,0,2,6,0,1,12,2,11,1,0,0,4,0,43,2,0,0,24,0,0,0,0,0,0,8,0,332,1996-06-01 00:00:00,1,0,5,0,0
0,sakina karchaoui,395231,0,0,defender,0,0,0,0.4,160.0,0,0,france,0,0,0,0,0,3,0,23,0,0,0,0,7,0,0,0,0,0,0,0,0,0,0,0,0,0,2,0,0,0,26,0,0,0,0,0,0,0,0,2,1996-01-26 00:00:00,0,0,1,0,0
0,sarah bouhaddi,190236,0,2,goalkeeper,0,0,0,23.6,175.0,0,0,france,0,0,0,0,0,85,0,32,0,0,0,0,16,0,6,0,0,0,0,0,0,0,0,0,0,76.5,64,0,0,0,145,0,0,0,0,0,0,0,0,480,1986-10-17 00:00:00,0,13,5,0,0
0,charlotte bilbault,296652,0,2,midfielder,0,0,0,10.5,169.0,0,0,france,0,0,0,0,0,66,0,29,0,0,0,0,14,0,2,0,0,0,1,1,1,0,0,0,1,0,52,0,0,0,18,0,0,0,0,0,0,0,0,98,1990-06-05 00:00:00,0,0,2,0,0
,julie debever,254844,,,defender,,,,,175.0,,,france,,,,,,,,31,,,,,22,,,,,,0,,,,,,,,,,,,3,,,,,,,,,,1988-04-18 00:00:00,,,,,
0,viviane asseyi,387169,0,9,forward,1,7,0,19.8,163.0,0,0,france,0,0,0,0,0,56,0,25,0,1,0,0,18,0,5,1,0,0,5,4,3,0,0,0,2,0,40,0,0,0,35,0,0,0,0,0,0,3,0,179,1993-11-20 00:00:00,0,0,3,0,0
,aissatou tounkara,358672,,,defender,,,,,174.0,,,france,,,,,,,,24,,,,,5,,,,,,0,,,,,,,,,,,,12,,,,,,,,,,1995-03-16 00:00:00,,,,,
5,eugenie le sommer,254849,1,7,forward,12,12,0,47.3,161.0,0,0,france,1,0,6,0,0,174,0,30,5,0,0,0,9,0,6,7,0,1,76,5,18,2,0,0,5,0,144,2,0,0,164,0,0,0,0,0,0,4,0,410,1989-05-18 00:00:00,0,0,5,0,1
,solene durand,381192,,,goalkeeper,,,,,171.0,,,france,,,,,,,,24,,,,,1,,,,,,0,,,,,,,,,,,,0,,,,,,,,,,1994-11-20 00:00:00,,,,,
0,eve perisset,381203,0,1,defender,0,4,0,13.2,160.0,0,0,france,0,0,0,0,0,103,0,24,0,0,0,0,2,0,2,0,0,0,0,1,0,0,0,0,0,0,90,0,0,0,18,0,0,0,0,0,0,0,0,117,1994-12-24 00:00:00,0,0,3,0,0
0,amel majri,387218,0,7,defender,2,52,21,53.4,164.0,0,0,france,0,0,4,0,0,356,0,26,2,1,0,0,10,0,10,1,0,0,4,5,6,0,1,0,1,0,277,0,0,0,51,0,0,0,0,0,0,4,2,462,1993-01-25 00:00:00,0,0,5,0,3
1,amandine henry,254965,0,6,midfielder,4,12,0,53.9,171.0,0,0,france,0,0,4,0,0,234,0,29,9,2,0,0,6,0,9,4,0,3,13,7,16,1,1,0,8,0,196,2,0,0,88,0,0,1,0,0,0,7,0,480,1989-09-28 00:00:00,1,0,5,0,1
,pauline peyraud-magnin,324335,,,goalkeeper,,,,,175.0,,,france,,,,,,,,27,,,,,21,,,,,,0,,,,,,,,,,,,2,,,,,,,,,,1992-03-17 00:00:00,,,,,
3,wendie renard,302715,1,2,defender,4,1,0,46.8,187.0,0,0,france,1,0,0,0,0,291,0,28,0,0,0,0,3,0,16,4,3,0,24,5,7,0,1,0,3,0,267,4,0,0,114,0,0,0,0,0,0,4,0,480,1990-07-20 00:00:00,0,0,5,0,0
,maeva clemaron,420140,,,midfielder,,,,,166.0,,,france,,,,,,,,26,,,,,23,,,,,,1,,,,,,,,,,,,4,,,,,,,,,,1992-11-10 00:00:00,,,,,
0,gaetane thiney,328149,0,4,midfielder,3,27,21,45.3,169.0,0,0,france,0,0,4,0,0,157,0,33,1,1,0,0,17,0,3,0,0,0,58,2,9,0,0,0,5,0,111,0,0,0,161,0,0,0,0,0,0,6,0,386,1985-10-28 00:00:00,0,0,5,0,2
2,kadidiatou diani,358573,0,6,forward,5,16,0,44,168.0,0,0,france,0,0,4,0,0,102,0,24,6,1,0,0,11,0,6,2,0,0,10,4,12,0,0,0,6,0,65,0,0,0,52,0,0,0,0,0,0,4,0,418,1995-04-01 00:00:00,0,0,5,0,1
0,griedge mbock bathy,358667,1,2,defender,1,0,0,48.1,172.0,0,0,france,0,0,0,0,0,260,0,24,0,1,0,0,19,0,15,0,0,0,5,3,1,0,2,0,1,0,233,0,0,0,55,0,0,0,0,0,0,2,0,480,1995-02-26 00:00:00,0,0,5,0,0
0,elise bussaglia,190239,1,0,midfielder,0,5,0,44.1,163.0,0,0,france,0,0,2,0,0,199,0,33,4,0,0,0,15,0,4,0,0,0,30,4,4,0,0,0,2,0,161,0,0,0,192,0,0,0,0,0,0,2,0,390,1985-09-24 00:00:00,0,0,4,0,0
0,marion torrent,324336,0,7,defender,1,16,0,41.9,164.0,0,0,france,0,0,1,0,0,233,0,27,1,2,0,0,4,0,24,0,0,0,0,8,2,0,0,0,1,0,165,0,0,0,26,0,0,0,0,0,0,2,0,379,1992-04-17 00:00:00,0,0,4,0,0
,emelyne laurent,412947,,,forward,,,,,161.0,,,france,,,,,,,,20,,,,,12,,,,,,0,,,,,,,,,,,,5,,,,,,,,,,1998-11-04 00:00:00,,,,,
1,kadeisha buchanan,359180,2,7,defender,2,0,0,36.3,170.0,0,0,canada,0,0,1,0,0,209,0,23,0,0,0,0,3,0,6,1,1,0,4,5,2,0,1,0,0,0,184,1,0,0,92,0,0,0,0,0,0,2,0,360,1995-11-05 00:00:00,0,0,4,0,0
1,sophie schmidt,224525,0,2,midfielder,1,2,0,41.9,172.0,0,0,canada,0,0,2,0,0,260,0,31,3,1,0,0,13,0,4,1,0,0,19,4,4,0,0,0,1,0,207,0,0,0,188,0,0,1,0,0,0,2,0,360,1988-06-28 00:00:00,0,0,4,0,0
1,christine sinclair,190146,0,1,forward,9,1,0,38,176.0,0,0,canada,0,0,5,0,0,140,0,36,4,1,0,0,12,0,0,1,0,0,182,0,13,0,0,0,7,0,111,1,0,0,286,0,0,3,0,0,0,1,0,338,1983-06-12 00:00:00,1,0,4,0,0
0,shelina zadorsky,300492,0,2,defender,1,5,0,40.4,172.0,0,0,canada,0,0,0,0,0,245,0,26,0,0,0,0,4,0,3,0,0,0,1,3,1,0,0,0,1,0,221,0,0,0,56,0,0,0,0,0,0,3,0,360,1992-10-24 00:00:00,0,0,4,0,0
,shannon woeller,298717,,,defender,,,,,172.0,,,canada,,,,,,,,29,,,,,20,,,,,,0,,,,,,,,,,,,20,,,,,,,,,,1990-01-31 00:00:00,,,,,
,jenna hellstrom,359183,,,defender,,,,,168.0,,,canada,,,,,,,,24,,,,,23,,,,,,0,,,,,,,,,,,,4,,,,,,,,,,1995-04-02 00:00:00,,,,,
,kailen sheridan,359194,,,goalkeeper,,,,,176.0,,,canada,,,,,,,,23,,,,,18,,,,,,0,,,,,,,,,,,,7,,,,,,,,,,1995-07-16 00:00:00,,,,,
,sabrina d angelo,300474,,,goalkeeper,,,,,171.0,,,canada,,,,,,,,26,,,,,21,,,,,,0,,,,,,,,,,,,6,,,,,,,,,,1993-05-11 00:00:00,,,,,
,lindsay agnew,359065,,,defender,,,,,175.0,,,canada,,,,,,,,24,,,,,22,,,,,,0,,,,,,,,,,,,11,,,,,,,,,,1995-03-31 00:00:00,,,,,
2,nichelle prince,359191,0,0,forward,7,9,0,23.5,163.0,0,0,canada,0,0,2,0,0,73,0,24,2,3,0,0,15,0,3,3,0,1,11,2,9,0,0,0,4,0,47,1,0,0,53,0,0,0,0,0,0,2,0,223,1995-02-19 00:00:00,1,0,3,0,1
0,jayde riviere,397247,0,1,forward,0,3,0,12.8,163.0,0,0,canada,0,0,0,0,0,75,0,18,0,0,0,0,8,0,4,0,0,0,0,6,0,0,0,0,0,0,59,0,0,0,8,0,0,0,0,0,0,0,0,102,2001-01-22 00:00:00,0,0,3,0,0
0,rebecca quinn,326251,1,0,defender,0,0,0,4.8,175.0,0,0,canada,0,0,0,0,0,11,0,23,0,0,0,0,5,0,1,0,0,0,5,1,0,0,0,0,0,0,7,0,0,0,51,0,0,0,0,0,0,0,0,24,1995-08-11 00:00:00,0,0,3,0,0
0,desiree scott,232135,0,5,midfielder,0,1,0,38.3,156.0,0,0,canada,0,0,1,0,0,175,0,31,2,0,0,0,11,0,5,0,0,0,0,10,2,0,1,0,1,0,148,0,0,0,147,0,0,0,0,0,0,1,0,349,1987-07-31 00:00:00,0,0,4,0,0
0,allysha chapman,302146,0,4,defender,0,5,0,28.2,160.0,0,0,canada,0,0,0,0,0,167,0,30,0,0,0,0,2,0,7,0,0,0,1,4,0,0,0,0,0,0,121,0,0,0,68,0,0,0,0,0,0,3,0,258,1989-01-25 00:00:00,0,0,4,0,0
0,ashley lawrence,326252,0,6,midfielder,2,10,0,41.5,164.0,0,0,canada,0,0,6,0,0,241,0,24,5,0,0,0,10,0,4,0,0,0,5,6,7,0,0,0,1,0,187,0,0,0,80,0,0,0,0,0,0,11,0,360,1995-06-11 00:00:00,0,0,4,0,1
,gabrielle carle,377907,,,forward,,,,,168.0,,,canada,,,,,,,,20,,,,,14,,,,,,1,,,,,,,,,,,,13,,,,,,,,,,1998-10-12 00:00:00,,,,,
4,janine beckie,381564,0,6,forward,7,26,23,42.3,173.0,0,0,canada,0,0,2,0,0,224,0,24,10,2,0,0,16,0,4,7,0,3,25,5,17,0,0,0,8,0,161,0,0,0,60,0,0,0,0,0,0,1,1,347,1994-08-20 00:00:00,0,0,4,0,1
1,jessie fleming,377901,0,4,midfielder,1,2,1,47.3,164.0,0,0,canada,0,0,0,0,0,173,0,21,1,0,0,0,17,0,4,1,0,0,9,4,2,1,0,0,1,0,136,1,0,0,69,0,0,0,0,0,0,1,0,360,1998-03-11 00:00:00,0,0,4,0,0
0,adriana leon,357771,0,0,forward,2,1,3,7.8,160.0,0,0,canada,0,0,0,0,0,16,0,26,1,0,0,0,19,0,0,0,0,0,15,0,3,0,0,0,3,0,12,0,0,0,60,0,0,0,0,0,0,1,0,54,1992-10-02 00:00:00,0,0,3,0,0
0,deanne rose,395390,0,0,midfielder,0,0,0,2,163.0,0,0,canada,0,0,0,0,0,5,0,20,0,0,0,0,6,0,0,0,0,0,8,0,0,0,0,0,0,0,4,0,0,0,41,0,0,0,0,0,0,0,0,15,1999-03-03 00:00:00,0,0,1,0,0
0,jordyn huitema,397234,0,1,forward,0,0,0,10.5,181.0,0,0,canada,0,0,0,0,0,17,0,18,1,1,0,0,9,0,3,0,0,0,6,5,1,0,0,0,1,0,16,0,0,0,22,0,0,0,0,0,0,1,0,90,2001-05-08 00:00:00,0,0,1,0,0
,julia grosso,397230,,,midfielder,,,,,170.0,,,canada,,,,,,,,18,,,,,7,,,,,,0,,,,,,,,,,,,16,,,,,,,,,,2000-08-29 00:00:00,,,,,
0,stephanie labbe,199948,0,0,goalkeeper,0,0,0,22.8,178.0,0,0,canada,0,0,0,0,0,96,0,32,0,0,0,0,1,0,2,0,0,0,0,0,0,0,0,0,0,50,65,0,0,0,65,0,0,0,0,0,0,0,0,360,1986-10-10 00:00:00,0,3,4,0,0
0,tameka yallop,326972,0,6,midfielder,3,8,0,35.2,160.0,0,0,australia,0,0,2,0,0,77,0,28,5,0,0,0,13,0,6,1,0,1,10,3,8,0,0,0,5,0,55,0,0,0,82,1,0,0,0,0,0,5,0,293,1991-06-16 00:00:00,0,0,3,0,0
,teagan micah,419880,,,goalkeeper,,,,,176.0,,,australia,,,,,,,,21,,,,,12,,,,,,0,,,,,,,,,,,,0,,,,,,,,,,1997-10-20 00:00:00,,,,,
0,amy harrison,387001,0,0,midfielder,0,0,0,0.1,172.0,0,0,australia,0,0,0,0,0,0,0,23,0,0,0,0,22,0,0,0,0,0,0,0,0,0,0,0,0,0,0,0,0,0,11,0,0,0,0,0,0,0,0,1,1996-04-21 00:00:00,0,0,1,0,0
0,clare polkinghorne,251935,0,1,defender,1,0,0,12.2,171.0,0,0,australia,0,0,0,0,0,68,0,30,0,0,0,0,4,0,6,0,0,0,9,0,1,0,2,0,1,0,59,0,0,0,119,0,0,0,0,0,0,0,0,116,1989-02-01 00:00:00,0,0,2,0,0
0,elise kellond-knight,255278,0,5,midfielder,0,15,9,21.5,165.0,0,0,australia,0,0,1,1,0,156,0,28,5,0,0,0,8,0,2,1,0,1,2,1,5,0,0,0,3,0,121,1,0,0,109,0,0,1,0,0,0,4,0,191,1990-08-10 00:00:00,1,0,3,0,0
0,aivi luik,326967,0,0,midfielder,0,0,0,0.5,166.0,0,0,australia,0,0,0,0,0,5,0,34,0,0,0,0,3,0,0,0,0,0,0,1,0,0,0,0,0,0,5,0,0,0,22,0,0,0,0,0,0,0,0,3,1985-03-18 00:00:00,0,0,1,0,0
1,hayley raso,386995,0,5,forward,3,8,0,21.6,161.0,0,0,australia,0,0,1,0,0,74,0,24,0,2,0,0,16,0,2,1,0,0,3,2,3,0,0,0,1,0,46,0,0,0,39,0,0,0,0,0,0,4,0,188,1994-09-05 00:00:00,0,0,4,0,0
0,lydia williams,225531,0,1,goalkeeper,0,0,0,21.9,175.0,0,0,australia,0,0,0,0,0,80,0,31,0,0,0,0,1,0,2,0,0,0,0,0,0,0,0,0,0,68.4,73,0,0,0,82,0,0,0,0,0,0,0,0,390,1988-05-13 00:00:00,0,13,4,0,0
0,steph catley,386998,0,1,defender,0,3,2,43.6,171.0,0,0,australia,0,0,0,0,0,257,0,25,0,0,0,0,7,0,7,0,0,0,2,0,0,0,1,0,0,0,231,0,0,0,76,0,0,0,0,0,0,4,0,390,1994-01-26 00:00:00,0,0,4,0,0
,gema simon,332984,,,defender,,,,,162.0,,,australia,,,,,,,,28,,,,,2,,,,,,0,,,,,,,,,,,,11,,,,,,,,,,1990-07-19 00:00:00,,,,,
0,katrina gorry,386996,0,0,midfielder,0,1,0,13.4,153.0,0,0,australia,0,0,0,0,0,71,0,26,0,0,0,0,19,0,1,0,0,0,14,1,0,0,0,0,0,0,58,0,0,0,76,0,0,0,0,0,0,3,1,108,1992-08-13 00:00:00,0,0,2,0,1
0,karly roestbakken,419882,0,0,defender,0,0,0,11.1,165.0,0,0,australia,0,0,0,0,0,63,0,18,0,0,0,0,5,0,1,0,0,0,0,1,0,0,0,0,0,0,58,0,0,0,3,0,0,0,0,0,0,0,0,95,2001-01-17 00:00:00,0,0,3,0,0
,mackenzie arnold,386993,,,goalkeeper,,,,,181.0,,,australia,,,,,,,,25,,,,,18,,,,,,0,,,,,,,,,,,,23,,,,,,,,,,1994-02-25 00:00:00,,,,,
3,caitlin foord,326979,0,4,forward,5,4,0,38.7,169.0,0,0,australia,0,0,2,0,0,106,0,24,2,1,0,0,9,0,1,3,0,0,17,1,7,1,2,0,2,0,75,1,0,0,76,0,0,0,0,0,0,1,0,330,1994-11-11 00:00:00,0,0,4,0,0
1,emily gielnik,395166,0,0,forward,1,26,3,20.4,178.0,0,0,australia,0,0,0,0,0,109,0,27,0,0,0,0,15,0,9,1,0,0,7,7,1,0,0,0,0,0,65,0,0,0,32,0,0,0,0,0,0,1,2,177,1992-05-13 00:00:00,0,0,3,0,1
10,sam kerr,326971,0,2,forward,17,10,0,40.4,168.0,0,0,australia,0,0,3,0,0,103,0,25,4,5,0,0,20,0,3,12,2,2,36,1,21,1,1,0,6,0,56,5,0,0,81,0,0,0,0,0,0,2,0,390,1993-09-10 00:00:00,2,0,4,0,0
,mary fowler,419898,,,forward,,,,,171.0,,,australia,,,,,,,,16,,,,,17,,,,,,0,,,,,,,,,,,,4,,,,,,,,,,2003-02-14 00:00:00,,,,,
1,chloe logarzo,394094,0,9,midfielder,3,6,1,43.7,166.0,0,0,australia,0,0,0,0,0,171,0,24,2,0,0,0,6,0,6,2,0,1,7,4,5,1,1,0,3,0,135,1,0,0,42,0,0,0,0,0,0,5,0,361,1994-12-22 00:00:00,0,0,4,0,1
0,alanna kennedy,386994,0,3,defender,2,1,0,39.8,176.0,0,0,australia,0,0,0,0,0,295,0,24,1,0,0,1,14,0,8,0,0,0,7,3,3,0,4,0,3,0,272,0,0,0,82,0,0,0,0,0,0,3,0,374,1995-01-21 00:00:00,0,0,4,0,0
0,emily van egmond,326968,1,4,midfielder,0,10,9,44.5,174.0,0,0,australia,0,0,1,0,0,301,0,25,4,0,0,0,10,0,8,2,0,2,18,4,4,0,1,0,1,0,236,0,0,0,90,0,0,1,0,0,0,7,0,386,1993-07-12 00:00:00,0,0,4,0,0
0,ellie carpenter,394063,0,2,defender,0,11,0,40.2,164.0,0,0,australia,0,0,0,0,0,258,0,19,0,0,0,0,21,0,3,0,0,0,1,2,0,0,2,0,0,0,202,0,0,0,36,0,0,0,0,0,0,2,0,389,2000-04-28 00:00:00,0,0,4,0,1
0,lisa de vanna,190165,1,2,forward,1,1,0,10.8,157.0,0,0,australia,0,0,0,0,0,34,0,34,0,0,0,0,11,0,0,0,0,0,47,0,1,0,0,0,1,0,23,0,0,0,150,0,0,0,0,0,0,5,0,92,1984-11-14 00:00:00,0,0,2,0,0
,teigen allen,326969,,,defender,,,,,168.0,,,australia,,,,,,,,25,,,,,23,,,,,,0,,,,,,,,,,,,40,,,,,,,,,,1994-02-12 00:00:00,,,,,
,cecilie redisch kvamme,420297,,,defender,,,,,158.0,,,norway,,,,,,,,23,,,,,19,,,,,,0,,,,,,,,,,,,3,,,,,,,,,,1995-09-11 00:00:00,,,,,
0,maren mjelde,295585,0,2,defender,2,0,0,52.9,165.0,0,0,norway,0,0,1,0,0,287,0,29,4,1,0,0,6,0,21,1,0,1,19,3,6,0,9,0,4,0,258,0,0,0,141,0,0,3,0,0,0,0,0,480,1989-11-06 00:00:00,0,0,5,0,0
1,guro reiten,357273,0,7,midfielder,3,27,12,52.6,166.0,0,0,norway,0,0,3,0,0,166,0,24,4,0,0,0,16,0,8,1,0,0,6,5,7,0,3,0,3,0,109,1,0,0,42,0,0,0,0,0,0,1,0,463,1994-07-26 00:00:00,1,0,5,0,1
6,caroline graham hansen,338971,0,4,forward,9,23,14,50.6,173.0,0,0,norway,1,0,4,0,0,153,0,24,6,0,0,0,10,0,6,7,0,1,26,7,15,1,1,0,4,0,92,1,0,0,77,0,0,1,0,0,0,4,0,444,1995-02-18 00:00:00,0,0,5,0,1
,emilie nautnes,420303,,,forward,,,,,168.0,,,norway,,,,,,,,20,,,,,22,,,,,,1,,,,,,,,,,,,6,,,,,,,,,,1999-01-13 00:00:00,,,,,
1,ingrid moe wold,295594,0,2,defender,2,7,0,50.2,164.0,0,0,norway,0,0,1,0,0,230,0,29,2,0,0,0,2,0,9,1,0,0,3,1,4,0,3,0,2,0,172,0,0,0,65,0,0,0,0,0,0,2,0,453,1990-01-29 00:00:00,0,0,5,0,0
0,ingrid syrstad engen,420291,1,5,midfielder,1,0,1,60.8,177.0,0,0,norway,0,0,1,1,0,234,0,21,1,1,0,0,14,0,11,0,0,0,2,4,2,0,3,0,1,0,184,0,0,0,21,0,0,0,0,0,0,8,0,480,1998-04-29 00:00:00,0,0,5,0,0
,oda marie hove bogstad,420289,,,goalkeeper,,,,,170.0,,,norway,,,,,,,,23,,,,,23,,,,,,0,,,,,,,,,,,,0,,,,,,,,,,1996-04-24 00:00:00,,,,,
0,karina saevik,420305,0,3,midfielder,3,2,0,31.9,172.0,0,0,norway,0,0,1,0,0,76,0,23,1,0,0,0,21,0,6,0,0,0,1,4,4,0,1,0,3,0,54,0,0,0,8,0,0,0,0,0,0,4,0,257,1996-03-24 00:00:00,0,0,4,0,1
0,emilie haavi,328701,0,0,midfielder,0,0,0,0.6,164.0,0,0,norway,0,0,0,0,0,1,0,27,0,0,0,0,20,0,1,0,0,0,16,0,0,0,0,0,0,0,0,0,0,0,83,0,0,0,0,0,0,0,0,1,1992-06-16 00:00:00,0,0,1,0,0
,cecilie fiskerstrand,387154,,,goalkeeper,,,,,174.0,,,norway,,,,,,,,23,,,,,12,,,,,,0,,,,,,,,,,,,21,,,,,,,,,,1996-03-20 00:00:00,,,,,
0,ingrid hjelmseth,199081,0,2,goalkeeper,0,0,0,26,173.0,0,0,norway,0,0,0,0,0,79,0,39,0,0,0,0,1,0,13,0,0,0,0,0,0,0,0,0,0,70.8,67,0,0,0,137,0,0,0,0,0,0,0,0,480,1980-04-10 00:00:00,0,17,5,0,0
0,amalie vevle eikeland,357301,0,2,midfielder,0,1,0,2.5,164.0,0,0,norway,0,0,0,0,0,4,0,23,0,0,0,0,15,0,3,0,0,0,0,3,0,0,0,0,0,0,3,0,0,0,7,0,0,0,0,0,0,0,0,16,1995-08-26 00:00:00,0,0,1,0,0
,therese sessy asland,420288,,,midfielder,,,,,160.0,,,norway,,,,,,,,23,,,,,13,,,,,,1,,,,,,,,,,,,6,,,,,,,,,,1995-08-26 00:00:00,,,,,
0,elise thorsnes,264706,0,0,forward,0,0,0,4.4,174.0,0,0,norway,0,0,0,0,0,6,0,30,1,0,0,0,7,0,1,1,0,1,19,1,1,0,0,0,0,0,5,0,0,0,118,0,0,0,0,0,0,1,0,31,1988-08-14 00:00:00,0,0,2,0,0
0,maria thorisdottir,357283,1,3,defender,0,0,0,49.1,170.0,0,0,norway,0,0,0,1,0,276,0,26,0,0,0,0,3,0,25,0,0,0,1,1,0,0,1,0,0,0,217,0,0,0,37,0,0,0,0,0,0,7,0,480,1993-06-05 00:00:00,0,0,5,0,0
0,vilde boe risa,420304,1,4,midfielder,0,4,0,54,164.0,0,0,norway,0,0,0,0,0,238,0,23,3,0,0,0,8,0,13,1,0,1,2,8,3,0,1,0,2,0,184,0,0,0,24,0,0,0,0,0,0,7,0,473,1995-07-13 00:00:00,0,0,5,0,0
0,kristine minde,302839,1,2,defender,0,9,0,52.7,169.0,0,0,norway,0,0,0,0,0,210,0,26,0,0,0,0,17,0,19,0,0,0,9,11,0,0,3,0,0,0,155,0,0,0,102,0,0,0,0,0,0,5,0,480,1992-08-08 00:00:00,0,0,5,0,0
1,synne skinnes hansen,420293,0,0,defender,1,2,0,5.4,171.0,0,0,norway,0,0,0,0,0,19,0,23,0,0,0,0,5,0,1,1,0,0,0,0,1,0,0,0,0,0,13,0,0,0,17,0,0,0,0,0,0,1,0,27,1995-08-12 00:00:00,0,0,3,0,0
,stine hovland,420295,,,defender,,,,,172.0,,,norway,,,,,,,,28,,,,,4,,,,,,0,,,,,,,,,,,,7,,,,,,,,,,1991-01-31 00:00:00,,,,,
2,lisa-marie utland,357300,1,2,forward,8,3,0,25.8,171.0,0,0,norway,0,0,3,0,0,40,0,26,0,5,0,0,11,0,2,2,0,0,15,0,8,1,1,0,3,0,23,1,0,0,46,0,0,0,0,0,0,7,0,208,1992-09-19 00:00:00,0,0,5,0,0
0,frida maanum,420300,0,3,midfielder,1,1,0,12.9,171.0,0,0,norway,0,0,2,0,0,32,0,19,2,0,0,0,18,0,0,0,0,0,0,2,3,0,0,0,1,0,22,0,0,0,24,0,0,0,0,0,0,0,0,91,1999-07-16 00:00:00,0,0,4,0,0
3,isabell herlovsen,264695,0,6,forward,4,6,0,46.4,170.0,0,0,norway,1,0,2,0,0,86,0,31,3,5,0,0,9,0,4,3,0,0,62,3,7,2,0,0,2,0,57,2,0,0,131,0,0,0,0,0,0,3,0,416,1988-06-23 00:00:00,0,0,5,0,0
0,chloe arthur,420103,0,0,defender,0,0,0,2.1,169.0,0,0,scotland,0,0,0,0,0,12,0,24,0,0,0,0,14,0,0,0,0,0,0,1,0,0,0,0,0,0,12,0,0,0,20,0,0,0,0,0,0,0,0,15,1995-01-21 00:00:00,0,0,1,0,0
1,lisa evans,414973,0,1,forward,1,1,1,30.2,166.0,0,0,scotland,0,0,0,0,0,68,0,27,1,1,0,0,11,0,1,1,0,0,17,1,2,0,0,0,1,0,50,0,0,0,81,0,0,0,0,0,0,1,0,261,1992-05-21 00:00:00,0,0,3,0,1
1,jenny beattie,356055,1,0,defender,2,0,0,27.5,178.0,0,0,scotland,0,0,0,0,0,157,0,28,0,0,0,0,5,0,9,1,1,0,23,4,2,0,2,0,1,0,140,1,0,0,127,0,0,0,0,0,0,1,0,270,1991-05-13 00:00:00,0,0,3,0,0
0,caroline weir,420100,1,3,midfielder,0,4,6,30.3,172.0,0,0,scotland,0,0,1,0,0,166,0,24,5,0,0,0,9,0,5,2,0,2,8,6,5,0,2,0,2,0,130,0,0,0,66,0,0,0,0,0,0,5,1,270,1995-06-20 00:00:00,0,0,3,0,1
0,nicola docherty,420078,1,4,defender,0,1,0,14.3,170.0,0,0,scotland,0,0,0,1,0,61,0,26,0,0,0,0,3,0,2,0,0,0,0,1,0,0,0,0,0,0,39,0,0,0,21,0,0,0,0,0,0,6,0,145,1992-08-23 00:00:00,0,0,2,0,0
0,lee alexander,420095,1,1,goalkeeper,0,0,0,13.6,169.0,0,0,scotland,0,0,0,0,0,53,0,27,0,0,0,0,1,0,1,0,0,0,0,0,0,0,0,0,0,58.8,40,0,0,0,20,0,0,0,0,0,0,0,0,270,1991-09-23 00:00:00,0,10,3,0,0
0,christie murray,420104,0,1,midfielder,0,0,0,9.2,156.0,0,0,scotland,0,0,0,0,0,23,0,29,0,0,0,0,16,0,2,0,0,0,4,2,0,0,0,0,0,0,17,0,0,0,62,0,0,0,0,0,0,0,0,87,1990-05-03 00:00:00,0,0,1,0,0
0,hayley lauder,420099,0,1,defender,0,0,0,9.4,170.0,0,0,scotland,0,0,0,0,0,62,0,29,1,0,0,0,7,0,0,1,0,1,9,0,1,0,0,0,0,0,50,0,0,0,100,0,0,0,0,0,0,0,0,90,1990-06-04 00:00:00,0,0,1,0,0
0,sophie howard,357375,0,0,defender,0,0,0,8.2,171.0,0,0,scotland,0,0,0,1,0,28,0,25,0,0,0,0,15,0,2,0,0,0,1,1,0,0,0,0,0,0,18,0,0,0,16,0,0,0,0,0,0,1,0,79,1993-09-17 00:00:00,0,0,2,0,0
3,erin cuthbert,420110,1,11,forward,7,1,0,28.7,163.0,0,0,scotland,0,0,2,0,0,77,0,20,4,0,0,0,22,0,0,4,0,1,11,4,11,1,0,0,5,0,56,1,0,0,33,0,0,0,0,0,0,6,0,270,1998-07-19 00:00:00,0,0,3,0,1
,shannon lynn,420102,,,goalkeeper,,,,,175.0,,,scotland,,,,,,,,33,,,,,12,,,,,,0,,,,,,,,,,,,30,,,,,,,,,,1985-10-22 00:00:00,,,,,
0,fiona brown,420108,0,0,forward,0,0,0,1.6,165.0,0,0,scotland,0,0,1,0,0,1,0,24,1,0,0,0,20,0,0,0,0,0,2,1,1,0,0,0,0,0,0,0,0,0,39,0,0,0,0,0,0,0,0,9,1995-03-31 00:00:00,0,0,2,0,0
0,lana clelland,420107,0,1,forward,0,0,0,1.7,169.0,0,0,scotland,0,0,0,0,0,2,0,26,1,0,0,0,19,0,0,1,0,1,4,0,1,0,0,0,0,0,1,1,0,0,26,0,0,0,0,0,0,0,0,14,1993-01-26 00:00:00,1,0,1,0,0
,joelle murray,265048,,,defender,,,,,167.0,,,scotland,,,,,,,,32,,,,,17,,,,,,1,,,,,,,,,,,,48,,,,,,,,,,1986-11-07 00:00:00,,,,,
0,kirsty smith,420096,0,0,defender,0,0,0,22.4,164.0,0,0,scotland,0,0,0,0,0,110,0,25,0,0,0,0,2,0,1,0,0,0,0,2,0,0,0,0,0,0,80,0,0,0,38,0,0,0,0,0,0,0,0,211,1994-01-06 00:00:00,0,0,3,0,0
0,rachel corsie,420098,1,1,defender,1,0,0,27.5,175.0,0,0,scotland,0,0,2,1,0,155,0,29,1,0,0,0,4,0,13,0,0,0,16,4,2,0,2,0,0,0,130,0,0,0,112,0,0,0,0,0,0,1,0,270,1989-08-17 00:00:00,0,0,3,0,0
0,lizzie arnot,420111,0,0,midfielder,0,1,0,8.2,169.0,0,0,scotland,0,0,0,0,0,12,0,23,0,1,0,0,23,0,1,0,0,0,2,1,0,0,0,0,0,0,8,0,0,0,28,0,0,0,0,0,0,0,0,63,1996-03-01 00:00:00,0,0,2,0,0
3,claire emslie,420106,0,2,forward,5,3,0,22.6,171.0,0,0,scotland,0,0,0,0,0,63,0,25,0,0,0,0,18,0,2,3,0,0,4,3,5,1,0,0,2,0,40,1,0,0,24,0,0,0,0,0,0,3,0,210,1994-03-08 00:00:00,0,0,3,0,0
1,kim little,356182,0,2,midfielder,1,1,6,30.4,163.0,0,0,scotland,0,0,0,0,0,109,0,29,0,1,0,0,8,0,0,1,0,0,54,0,1,1,1,0,0,0,94,1,0,0,136,0,0,0,0,0,0,1,0,270,1990-06-29 00:00:00,0,0,3,0,0
0,jane ross,356727,0,0,forward,0,0,0,8.5,165.0,0,0,scotland,0,0,0,0,0,16,0,29,0,1,0,0,13,0,2,0,0,0,58,2,0,0,0,0,0,0,11,0,0,0,128,0,0,0,0,0,0,0,0,76,1989-09-18 00:00:00,0,0,1,0,0
,jenna fife,420109,,,goalkeeper,,,,,175.0,,,scotland,,,,,,,,23,,,,,21,,,,,,0,,,,,,,,,,,,4,,,,,,,,,,1995-12-01 00:00:00,,,,,
1,leanne crichton,420101,0,0,midfielder,1,0,0,9.8,172.0,0,0,scotland,0,0,0,0,0,35,0,31,0,0,0,0,10,0,1,1,0,0,3,3,1,0,1,0,0,0,30,0,0,0,65,0,0,0,0,0,0,4,0,90,1987-08-06 00:00:00,0,0,1,0,0
,jo love,191821,,,midfielder,,,,,165.0,,,scotland,,,,,,,,33,,,,,6,,,,,,13,,,,,,,,,,,,191,,,,,,,,,,1985-12-06 00:00:00,,,,,
0,katie bowen,301461,0,0,midfielder,0,1,0,31.9,172.0,0,0,new zealand,0,0,0,0,0,83,0,25,0,0,0,0,14,0,8,0,0,0,3,6,0,0,0,0,0,0,58,0,0,0,65,0,0,0,0,0,0,1,0,270,1994-04-15 00:00:00,0,0,3,0,0
0,erin nayler,301483,0,0,goalkeeper,0,0,0,14.4,177.0,0,0,new zealand,0,0,0,0,0,41,0,27,0,0,0,0,1,0,4,0,0,0,0,0,0,0,0,0,0,68.8,21,0,0,0,68,0,0,0,0,0,0,0,0,270,1992-04-17 00:00:00,0,11,3,0,0
0,emma kete,255358,0,0,forward,0,0,0,1,163.0,0,0,new zealand,0,0,0,0,0,2,0,31,0,0,0,0,9,0,0,0,0,0,3,0,0,0,0,0,0,0,0,0,0,0,53,0,0,0,0,0,0,0,0,5,1987-09-01 00:00:00,0,0,1,0,0
1,sarah gregorius,252520,0,8,forward,2,0,0,24.2,156.0,0,0,new zealand,0,0,0,0,0,43,0,31,0,2,0,0,11,0,3,1,0,0,35,3,2,0,0,0,1,0,27,0,0,0,98,0,0,0,0,0,0,0,0,225,1987-08-06 00:00:00,0,0,3,0,0
0,ali riley,252502,0,5,defender,0,4,1,29.9,162.0,0,0,new zealand,0,0,0,0,0,146,0,31,0,0,0,0,7,0,10,0,0,0,1,3,0,0,0,0,0,0,95,0,0,0,130,0,0,0,0,0,0,0,0,270,1987-10-30 00:00:00,0,0,3,0,0
0,ria percival,252519,0,6,defender,0,6,2,31.3,161.0,0,0,new zealand,0,0,1,0,0,98,0,29,3,1,0,0,2,0,4,1,0,1,14,2,3,0,1,0,1,0,58,0,0,0,146,0,0,0,0,0,0,2,0,270,1989-12-07 00:00:00,0,0,3,0,0
0,annalie longo,252503,0,2,midfielder,0,0,0,13.6,158.0,0,0,new zealand,0,0,0,0,0,29,0,28,0,0,0,0,10,0,4,0,0,0,15,0,0,0,0,0,0,0,17,0,0,0,120,0,0,0,0,0,0,2,0,97,1991-07-01 00:00:00,0,0,3,0,0
,daisy cleverley,358194,,,midfielder,,,,,167.0,,,new zealand,,,,,,,,22,,,,,20,,,,,,2,,,,,,,,,,,,9,,,,,,,,,,1997-04-30 00:00:00,,,,,
0,anna green,269352,1,1,defender,0,0,0,9.8,168.0,0,0,new zealand,0,0,0,0,0,34,0,28,0,0,0,0,3,0,1,0,0,0,7,0,0,0,0,0,0,0,21,0,0,0,78,0,0,0,0,0,0,2,0,96,1990-08-20 00:00:00,0,0,2,0,0
0,olivia chance,323189,0,2,midfielder,3,1,3,30.8,161.0,0,0,new zealand,0,0,0,0,0,63,0,25,0,0,0,0,22,0,2,0,0,0,0,1,3,0,0,0,3,0,40,0,0,0,18,0,0,0,0,0,0,1,0,268,1993-10-05 00:00:00,0,0,3,0,0
1,rosie white,300469,0,2,forward,3,0,0,28.6,165.0,0,0,new zealand,0,0,0,0,0,59,0,26,1,3,0,0,13,0,2,2,0,1,25,2,4,0,0,0,2,0,38,0,0,0,106,0,0,0,0,0,0,5,0,253,1993-06-06 00:00:00,0,0,3,0,0
,steph skilton,323196,,,defender,,,,,175.0,,,new zealand,,,,,,,,24,,,,,18,,,,,,0,,,,,,,,,,,,10,,,,,,,,,,1994-10-27 00:00:00,,,,,
0,hannah wilkinson,321169,0,0,forward,0,0,0,5.2,176.0,0,0,new zealand,0,0,0,0,0,5,0,27,0,0,0,0,17,0,0,0,0,0,25,0,0,0,0,0,0,0,4,0,0,0,93,0,0,0,0,0,0,1,0,39,1992-05-28 00:00:00,0,0,2,0,0
,victoria esson,301468,,,goalkeeper,,,,,173.0,,,new zealand,,,,,,,,28,,,,,21,,,,,,0,,,,,,,,,,,,4,,,,,,,,,,1991-03-06 00:00:00,,,,,
,nicole stratford,302309,,,defender,,,,,177.0,,,new zealand,,,,,,,,30,,,,,5,,,,,,0,,,,,,,,,,,,0,,,,,,,,,,1989-02-01 00:00:00,,,,,
0,katie duncan,252514,0,0,midfielder,0,0,0,7.2,161.0,0,0,new zealand,0,0,0,0,0,34,0,31,0,0,0,0,16,0,4,0,0,0,1,3,0,0,1,0,0,0,27,0,0,0,125,0,0,0,0,0,0,0,0,68,1988-02-01 00:00:00,0,0,1,0,0
0,paige satchell,377262,0,0,forward,1,0,0,2.5,160.0,0,0,new zealand,0,0,0,0,0,0,0,21,0,0,0,0,19,0,0,0,0,0,1,0,1,0,0,0,1,0,0,0,0,0,16,0,0,0,0,0,0,0,0,17,1998-04-13 00:00:00,0,0,1,0,0
0,abby erceg,252501,0,0,defender,2,0,0,29,177.0,0,0,new zealand,0,0,0,0,0,87,0,29,0,0,0,0,8,0,10,0,0,0,6,6,2,0,6,0,2,0,59,0,0,0,141,0,0,0,0,0,0,0,0,270,1989-11-20 00:00:00,0,0,3,0,0
0,rebekah stott,355896,0,2,defender,0,1,0,28.3,172.0,0,0,new zealand,0,0,0,0,0,109,0,26,0,0,0,0,6,0,11,0,0,0,4,5,0,0,3,0,0,0,70,0,0,0,77,0,0,0,0,0,0,0,0,270,1993-06-17 00:00:00,0,0,3,0,0
0,c.j. bott,358189,0,1,defender,0,2,0,12.4,165.0,0,0,new zealand,0,0,0,0,0,47,0,24,0,0,0,0,4,0,3,0,0,0,1,2,0,0,2,0,0,0,25,0,0,0,20,0,0,0,0,0,0,0,0,108,1995-04-22 00:00:00,0,0,2,0,0
,sarah morton,377258,,,defender,,,,,166.0,,,new zealand,,,,,,,,20,,,,,15,,,,,,1,,,,,,,,,,,,7,,,,,,,,,,1998-08-28 00:00:00,,,,,
,nadia olla,397013,,,goalkeeper,,,,,169.0,,,new zealand,,,,,,,,19,,,,,23,,,,,,0,,,,,,,,,,,,1,,,,,,,,,,2000-02-07 00:00:00,,,,,
1,betsy hassett,298792,0,0,midfielder,1,3,0,22.9,158.0,0,0,new zealand,0,0,0,0,0,58,0,28,1,0,0,0,12,0,3,2,0,1,13,4,2,0,1,0,0,0,36,0,0,0,116,0,0,0,0,0,0,4,0,174,1990-08-04 00:00:00,0,0,3,0,0
1,lucy bronze,300637,0,9,defender,3,12,0,67.6,171.0,0,0,england,0,0,1,0,0,503,0,27,4,0,0,0,2,0,27,4,0,3,8,16,7,1,1,0,2,0,392,1,0,0,75,0,0,0,0,0,0,7,0,630,1991-10-28 00:00:00,0,0,7,0,2
0,georgia stanway,397109,0,0,midfielder,3,3,2,14,162.0,0,0,england,0,0,3,0,0,29,0,20,3,1,0,0,19,0,4,0,0,0,1,4,6,0,0,0,3,0,22,0,0,0,13,0,0,0,0,0,0,3,0,108,1999-01-03 00:00:00,0,0,5,0,1
0,karen carney,236883,0,0,midfielder,1,0,0,8.3,162.0,0,0,england,0,0,1,0,0,31,0,31,1,0,0,0,20,0,0,1,0,1,32,1,2,0,0,0,0,0,21,0,0,0,144,0,0,0,0,0,0,0,0,52,1987-08-01 00:00:00,0,0,4,0,1
0,millie bright,414755,0,3,defender,0,0,0,43,178.0,0,0,england,0,0,0,0,0,299,0,25,0,0,0,1,6,0,18,0,0,0,0,2,0,0,2,0,0,0,257,0,0,0,32,0,0,0,0,0,0,3,0,412,1993-08-21 00:00:00,0,0,5,0,0
1,alex greenwood,387131,0,4,defender,2,9,12,37.1,167.0,0,0,england,0,0,2,0,0,286,0,25,2,0,0,0,3,0,10,1,0,0,3,8,4,0,1,0,1,0,217,1,0,0,41,0,0,0,0,0,0,4,0,360,1993-09-07 00:00:00,1,0,4,0,0
0,jade moore,296734,2,1,midfielder,1,0,0,26.1,165.0,0,0,england,0,0,1,0,0,126,0,28,4,0,0,0,16,0,6,0,0,0,1,4,5,0,0,0,4,0,101,0,0,0,50,0,0,0,0,0,0,7,0,217,1990-10-22 00:00:00,0,0,4,0,0
5,nikita parris,324590,1,11,forward,8,14,0,54.4,162.0,0,0,england,1,0,1,0,0,194,0,25,2,1,0,0,7,0,6,6,0,1,13,7,10,1,0,0,3,0,148,1,0,0,41,0,0,0,0,0,0,5,0,520,1994-03-10 00:00:00,0,0,7,0,1
2,jill scott,263536,0,4,midfielder,10,10,0,72.3,181.0,0,0,england,0,0,4,0,0,313,0,32,3,0,0,0,8,0,16,3,0,1,24,16,13,1,2,0,6,0,247,1,0,0,143,0,0,0,0,0,0,15,0,618,1987-02-02 00:00:00,0,0,7,0,1
0,demi stokes,301520,0,0,defender,0,3,0,30.1,159.0,0,0,england,0,0,0,0,0,154,0,27,0,0,0,0,12,0,13,0,0,0,1,7,0,0,1,0,0,0,124,0,0,0,54,0,0,0,0,0,0,4,0,270,1991-12-12 00:00:00,0,0,3,0,0
2,beth mead,381318,0,6,forward,2,21,12,32,163.0,0,0,england,0,0,0,0,0,131,0,24,1,3,0,0,22,0,6,2,0,0,5,8,3,0,0,0,1,0,92,0,0,0,19,0,0,0,0,0,0,5,1,296,1995-05-09 00:00:00,0,0,5,0,3
,mary earps,324586,,,goalkeeper,,,,,173.0,,,england,,,,,,,,26,,,,,21,,,,,,0,,,,,,,,,,,,5,,,,,,,,,,1993-03-07 00:00:00,,,,,
2,jodie taylor,387139,0,0,forward,5,0,0,17,169.0,0,0,england,0,0,2,0,0,31,0,33,0,4,0,0,9,0,1,2,0,0,18,3,5,1,0,0,1,0,25,1,0,0,46,0,0,0,0,0,0,0,0,156,1986-05-17 00:00:00,0,0,3,0,0
0,carly telford,267311,0,1,goalkeeper,0,0,0,11.9,174.0,0,0,england,0,0,0,0,0,35,0,32,0,0,0,0,13,0,0,0,0,0,0,0,0,0,0,0,0,71.4,31,0,0,0,21,0,0,0,0,0,0,0,0,270,1987-07-07 00:00:00,0,10,3,0,0
1,fran kirby,387137,0,2,forward,2,4,0,51.2,158.0,0,0,england,0,0,2,0,0,219,0,26,2,0,0,0,10,0,3,1,0,0,13,3,4,0,0,0,1,0,172,1,0,0,45,0,0,0,0,0,0,2,0,457,1993-06-29 00:00:00,1,0,6,0,1
0,keira walsh,420184,0,0,midfielder,0,2,0,44.8,167.0,0,0,england,0,0,1,0,0,256,0,22,3,0,0,0,4,0,7,1,0,1,0,4,3,0,1,0,1,0,214,0,0,0,20,0,0,0,0,0,0,4,0,413,1997-04-08 00:00:00,0,0,5,0,0
0,karen bardsley,236881,0,0,goalkeeper,0,0,0,21.4,182.0,0,0,england,0,0,0,0,0,67,0,34,0,0,0,0,1,0,5,0,0,0,0,0,0,0,0,0,0,93.3,57,0,0,0,81,0,0,0,0,0,0,0,0,360,1984-10-14 00:00:00,0,14,4,0,0
0,lucy staniforth,300653,0,0,midfielder,0,1,1,1.3,166.0,0,0,england,0,0,0,0,0,9,0,26,0,0,0,0,23,0,0,0,0,0,2,0,0,0,0,0,0,0,4,0,0,0,11,0,0,0,0,0,0,0,0,12,1992-10-02 00:00:00,0,0,1,0,0
0,abbie mcmanus,420183,0,1,defender,0,0,1,19.2,172.0,0,0,england,0,0,0,0,0,185,0,26,0,0,0,0,15,0,1,0,0,0,0,0,0,0,0,0,0,0,172,0,0,0,16,0,0,0,0,0,0,0,1,208,1993-01-14 00:00:00,0,0,3,0,0
11,ellen white,295612,0,9,forward,17,3,0,58.1,170.0,0,0,england,0,0,2,0,0,90,0,30,2,5,0,0,18,0,4,12,0,1,34,4,19,2,0,0,5,0,72,6,0,0,88,0,0,0,0,0,0,5,0,514,1989-05-09 00:00:00,4,0,6,0,0
1,rachel daly,300643,0,3,defender,2,6,0,22,167.0,0,0,england,0,0,0,0,0,69,0,27,0,0,0,0,17,0,9,1,0,0,3,6,2,0,0,0,1,0,47,0,0,0,27,0,0,0,0,0,0,2,0,191,1991-12-06 00:00:00,0,0,5,0,0
2,steph houghton,267316,0,4,defender,4,0,0,67.6,174.0,0,0,england,0,0,0,0,0,433,0,31,1,0,0,0,5,0,25,2,0,0,13,13,5,1,1,0,3,0,367,1,0,0,112,0,0,2,0,0,0,2,1,630,1988-04-23 00:00:00,0,0,7,0,0
0,leah williamson,381329,0,0,defender,0,0,0,0.7,170.0,0,0,england,0,0,0,0,0,2,0,22,0,0,0,0,14,0,1,0,0,0,0,0,0,0,0,0,0,0,1,0,0,0,8,0,0,0,0,0,0,0,0,6,1997-03-29 00:00:00,0,0,1,0,0
1,toni duggan,295624,0,1,forward,2,8,9,25.8,168.0,0,0,england,0,0,0,0,0,114,0,27,1,1,0,0,11,0,8,1,0,0,22,8,3,0,0,0,2,0,86,0,0,0,75,0,0,0,0,0,0,0,0,227,1991-07-25 00:00:00,0,0,3,0,2
0,christine manie,265893,1,0,defender,1,0,0,16.7,160.0,0,0,cameroon,0,0,0,0,0,32,0,35,0,0,0,0,2,0,6,0,0,0,10,3,1,0,1,0,1,0,14,0,0,0,84,0,0,0,0,0,0,1,0,180,1984-05-04 00:00:00,0,0,2,0,0
2,ajara nchout,356773,0,1,forward,3,3,5,30.1,164.0,0,0,cameroon,0,0,0,0,0,90,0,26,1,0,0,0,3,0,2,2,0,0,13,1,4,1,0,0,2,0,61,2,0,0,48,0,0,0,0,0,0,10,0,277,1993-01-12 00:00:00,1,0,4,0,0
0,claudine meffometou,356790,0,0,defender,1,1,0,19.2,163.0,0,0,cameroon,0,0,0,0,0,67,0,29,1,0,0,0,12,0,4,0,0,0,2,1,2,0,0,0,2,0,39,0,0,0,41,0,0,0,0,0,0,1,0,180,1990-07-01 00:00:00,0,0,2,0,0
0,raissa feudjio,356785,1,4,midfielder,0,2,0,38.7,162.0,0,0,cameroon,0,0,2,0,0,139,0,23,5,0,0,0,8,0,11,1,0,1,3,8,5,0,1,0,2,0,92,0,0,0,49,0,0,0,0,0,0,6,0,360,1995-10-29 00:00:00,0,0,4,0,1
,madeleine ngono mani,197630,,,forward,,,,,160.0,,,cameroon,,,,,,,,35,,,,,9,,,,,,49,,,,,,,,,,,,105,,,,,,,,,,1983-10-16 00:00:00,,,,,
2,alexandra takounda,397461,2,0,forward,3,2,0,8.7,172.0,0,0,cameroon,0,0,0,0,0,19,0,19,0,2,0,0,21,0,0,2,0,0,0,0,3,0,0,0,1,0,12,0,0,0,4,0,0,0,0,0,0,3,0,73,2000-07-07 00:00:00,0,0,2,0,0
0,estelle johnson,420454,0,0,defender,0,0,0,35.3,168.0,0,0,cameroon,0,0,0,0,0,81,0,30,0,0,0,0,6,0,20,0,0,0,0,8,0,0,2,0,0,0,53,0,0,0,6,0,0,0,0,0,0,0,0,360,1988-07-21 00:00:00,0,0,4,0,0
0,gaelle enganamouit,356783,1,1,forward,1,2,0,18.4,171.0,0,0,cameroon,0,0,1,0,0,34,0,27,6,1,0,0,17,0,6,1,0,1,0,2,7,0,0,0,5,0,18,0,0,0,4,0,0,0,0,0,0,3,0,204,1992-06-09 00:00:00,0,0,4,0,0
0,henriette akaba,356776,0,2,forward,1,0,2,4.1,160.0,0,0,cameroon,0,0,1,0,0,11,0,27,0,0,0,0,18,0,0,0,0,0,7,0,1,0,0,0,0,0,4,0,0,0,52,0,0,0,0,0,0,1,0,38,1992-06-07 00:00:00,0,0,2,0,0
,isabelle mambingo,420456,,,goalkeeper,,,,,170.0,,,cameroon,,,,,,,,34,,,,,16,,,,,,0,,,,,,,,,,,,12,,,,,,,,,,1985-04-10 00:00:00,,,,,
0,annette ngo ndom,356786,0,1,goalkeeper,0,0,0,19.1,171.0,0,0,cameroon,0,0,0,0,0,19,0,34,0,0,0,0,1,0,5,0,0,0,0,0,0,0,0,0,0,46.7,8,0,0,0,48,0,0,0,0,0,0,1,0,360,1985-06-02 00:00:00,0,7,4,0,0
0,augustine ejangue,265899,0,0,defender,0,0,0,15.8,158.0,0,0,cameroon,0,0,0,0,0,63,0,30,1,0,0,0,5,0,6,0,0,0,0,0,1,0,0,0,1,0,40,0,0,0,2,0,0,0,0,0,0,3,0,154,1989-01-19 00:00:00,0,0,2,0,0
0,jeannette yango,356774,0,3,midfielder,0,0,0,38.8,159.0,0,0,cameroon,0,0,1,0,0,123,0,26,3,0,0,0,10,0,8,1,0,1,5,9,3,0,1,0,1,0,89,0,0,0,68,0,0,0,0,0,0,7,0,346,1993-06-12 00:00:00,0,0,4,0,0
,marthe ongmahan,420457,,,goalkeeper,,,,,167.0,,,cameroon,,,,,,,,27,,,,,23,,,,,,0,,,,,,,,,,,,5,,,,,,,,,,1992-06-12 00:00:00,,,,,
0,aurelle awona,387119,0,1,defender,0,1,0,28.4,171.0,0,0,cameroon,0,0,0,0,0,67,0,26,0,0,0,0,11,0,22,0,0,0,0,7,0,0,1,0,0,0,38,0,0,0,19,0,0,0,0,0,0,5,0,270,1993-02-02 00:00:00,0,0,3,0,0
0,ysis sonkeng,353724,0,0,defender,1,4,1,2.6,165.0,0,0,cameroon,0,0,0,0,0,8,0,29,0,0,0,0,15,0,0,0,0,0,0,0,1,0,0,0,1,0,3,0,0,0,57,0,0,0,0,0,0,0,0,26,1989-09-20 00:00:00,0,0,1,0,0
0,charlene meyong,387258,0,0,midfielder,0,0,0,4.3,164.0,0,0,cameroon,0,0,0,0,0,23,0,20,0,0,0,0,13,0,0,0,0,0,0,0,0,0,0,0,0,0,16,0,0,0,18,0,0,0,0,0,0,1,0,32,1998-11-19 00:00:00,0,0,2,0,0
3,gabrielle aboudi onguene,353725,0,7,forward,6,8,3,36.3,153.0,0,0,cameroon,0,0,2,0,0,61,0,30,5,6,0,0,7,0,3,4,0,1,16,3,11,0,0,0,5,0,32,1,0,0,57,0,0,0,0,0,0,2,0,360,1989-02-25 00:00:00,1,0,4,0,0
0,ninon abena,387163,0,0,midfielder,0,0,0,3.8,168.0,0,0,cameroon,0,0,1,0,0,10,0,24,3,0,0,0,14,0,1,1,0,1,6,0,3,0,0,0,1,0,8,0,0,0,18,0,0,0,0,0,0,0,0,28,1994-09-05 00:00:00,0,0,2,0,0
0,michaela abam,420453,0,4,forward,1,2,0,24.7,170.0,0,0,cameroon,0,0,0,0,0,44,0,22,1,3,0,0,22,0,3,0,0,0,0,4,2,0,0,0,2,0,25,0,0,0,3,0,0,0,0,0,0,1,0,218,1997-06-12 00:00:00,0,0,3,0,0
0,yvonne leuko,356775,1,2,defender,0,3,0,38.2,163.0,0,0,cameroon,0,0,0,0,0,142,0,27,1,0,0,0,4,0,20,0,0,0,0,8,1,0,3,0,1,0,75,0,0,0,51,0,0,0,0,0,0,5,1,360,1991-11-20 00:00:00,0,0,4,0,1
0,genevieve ngo mbeleck,387116,1,0,midfielder,0,1,1,7,159.0,0,0,cameroon,0,0,1,0,0,18,0,26,1,0,0,0,20,0,1,0,0,0,1,1,1,0,0,0,0,0,10,0,0,0,33,0,0,0,0,0,0,2,0,66,1993-03-10 00:00:00,0,0,1,0,0
0,marlyse ngo ndoumbouk,265903,1,0,midfielder,0,0,0,7.6,180.0,0,0,cameroon,0,0,0,0,0,11,0,34,0,0,0,0,19,0,2,0,0,0,8,0,0,0,1,0,0,0,9,0,0,0,37,0,0,0,0,0,0,1,0,68,1985-01-03 00:00:00,0,0,1,0,0
0,refiloe jane,356922,0,1,midfielder,0,3,1,27.6,159.0,0,0,south africa,0,0,0,0,0,80,0,26,0,0,0,0,15,0,7,0,0,0,12,5,0,0,0,0,0,0,50,0,0,0,108,0,0,0,0,0,0,0,0,262,1992-08-04 00:00:00,0,0,3,0,0
0,rhoda mulaudzi,395383,1,1,forward,1,0,0,4.8,154.0,0,0,south africa,0,0,1,0,0,9,0,29,1,1,0,0,22,0,0,0,0,0,2,0,2,0,0,0,1,0,4,0,0,0,24,0,0,0,0,0,0,1,0,45,1989-12-02 00:00:00,0,0,1,0,0
0,linda motlhalo,395368,0,1,midfielder,0,0,0,7,162.0,0,0,south africa,0,0,0,0,0,15,0,21,0,0,0,0,10,0,1,0,0,0,10,1,0,0,1,0,0,0,10,0,0,0,45,0,0,0,0,0,0,0,0,60,1998-07-01 00:00:00,0,0,2,0,1
0,sibulele holweni,415569,0,1,midfielder,0,0,0,7.7,156.0,0,0,south africa,0,0,0,0,0,38,0,18,0,0,0,0,23,0,1,0,0,0,0,1,0,0,1,0,0,0,23,0,0,0,3,0,0,0,0,0,0,0,0,72,2001-04-28 00:00:00,0,0,1,0,0
,tiisetso makhubela,420050,,,defender,,,,,161.0,,,south africa,,,,,,,,22,,,,,14,,,,,,0,,,,,,,,,,,,2,,,,,,,,,,1997-04-24 00:00:00,,,,,
0,ode fulutudilu,420047,0,2,forward,0,0,0,19.8,165.0,0,0,south africa,0,0,0,0,0,14,0,29,0,0,0,0,8,0,1,0,0,0,1,1,0,0,0,0,0,0,10,0,0,0,15,0,0,0,0,0,0,1,0,182,1990-02-06 00:00:00,0,0,3,0,0
0,janine van wyk,265836,1,4,defender,0,0,0,28.6,164.0,0,0,south africa,0,0,0,1,0,113,0,32,1,0,0,0,5,0,19,0,0,0,11,9,1,0,6,0,1,0,79,0,0,0,169,0,0,0,0,0,0,1,0,270,1987-04-17 00:00:00,0,0,3,0,0
0,busisiwe ndimeni,420054,0,0,midfielder,0,0,0,14.2,160.0,0,0,south africa,0,0,1,0,0,29,0,28,1,0,0,0,21,0,3,0,0,0,3,7,1,0,0,0,0,0,19,0,0,0,29,0,0,0,0,0,0,1,0,128,1991-06-25 00:00:00,0,0,2,0,0
0,kaylin swart,325696,0,0,goalkeeper,0,0,0,4.7,165.0,0,0,south africa,0,0,0,0,0,34,0,24,0,0,0,0,20,0,0,0,0,0,0,0,0,0,0,0,0,66.7,13,0,0,0,19,0,0,0,0,0,0,0,0,90,1994-09-30 00:00:00,0,2,1,0,0
0,andile dlamini,356927,0,0,goalkeeper,0,0,0,9.1,169.0,0,0,south africa,0,0,0,0,0,37,0,26,0,0,0,0,16,0,1,0,0,0,0,0,0,0,0,0,0,70.8,33,0,0,0,42,0,0,0,0,0,0,0,0,180,1992-09-02 00:00:00,0,17,2,0,0
0,noko matlou,317863,1,3,defender,1,1,0,28.7,166.0,0,0,south africa,0,0,0,0,0,94,0,33,0,0,0,0,4,0,17,0,0,0,64,11,1,0,1,0,1,0,66,0,0,0,156,0,0,0,0,0,0,3,0,270,1985-09-30 00:00:00,0,0,3,0,0
0,kholosa biyana,420045,1,6,midfielder,0,3,3,30.3,160.0,0,0,south africa,0,0,0,0,0,82,0,24,1,0,0,0,19,0,8,1,0,1,1,3,1,0,0,0,0,0,60,0,0,0,21,0,0,0,0,0,0,6,0,269,1994-09-06 00:00:00,0,0,3,0,0
0,amanda mthandi,420052,0,2,forward,0,2,0,10.8,160.0,0,0,south africa,0,0,0,0,0,19,0,23,0,0,0,0,9,0,1,0,0,0,2,0,0,0,0,0,0,0,9,0,0,0,12,0,0,0,0,0,0,1,0,101,1996-05-23 00:00:00,0,0,2,0,0
0,bambanani mbane,395379,0,1,defender,0,0,0,9.6,162.0,0,0,south africa,0,0,0,0,0,33,0,29,0,0,0,0,13,0,6,0,0,0,0,3,0,0,2,0,0,0,26,0,0,0,45,0,0,0,0,0,0,0,0,90,1990-03-12 00:00:00,0,0,1,0,0
0,leandra smeda,356917,0,0,midfielder,0,0,0,4.8,165.0,0,0,south africa,0,0,0,0,0,17,0,29,0,0,0,0,17,0,2,0,0,0,22,1,0,0,0,0,0,0,11,0,0,0,98,0,0,0,0,0,0,0,0,32,1989-07-22 00:00:00,0,0,3,0,0
,bongeka gamede,420048,,,defender,,,,,159.0,,,south africa,,,,,,,,20,,,,,18,,,,,,0,,,,,,,,,,,,1,,,,,,,,,,1999-05-22 00:00:00,,,,,
0,jermaine seoposenwe,326444,0,2,forward,0,0,0,6.8,167.0,0,0,south africa,0,0,0,0,0,16,0,25,0,0,0,0,12,0,0,0,0,0,16,0,0,0,1,0,0,0,9,0,0,0,76,0,0,0,0,0,0,1,0,64,1993-10-12 00:00:00,0,0,2,0,0
0,mamello makhabane,330810,0,1,midfielder,0,0,0,21.4,159.0,0,0,south africa,0,0,0,0,0,78,0,31,1,0,0,0,6,0,5,0,0,0,20,5,1,0,0,0,1,0,62,0,0,0,98,0,0,0,0,0,0,1,0,180,1988-02-24 00:00:00,0,0,2,0,0
0,lebohang ramalepe,395378,1,4,defender,0,4,0,28.2,155.0,0,0,south africa,0,0,0,0,0,153,0,27,0,0,0,0,2,0,16,0,0,0,3,14,0,0,3,0,0,0,90,0,0,0,66,0,0,0,0,0,0,4,0,270,1991-12-03 00:00:00,0,0,3,0,0
,mapaseka mpuru,395374,,,goalkeeper,,,,,169.0,,,south africa,,,,,,,,21,,,,,1,,,,,,0,,,,,,,,,,,,0,,,,,,,,,,1998-04-09 00:00:00,,,,,
2,thembi kgatlana,395373,0,1,forward,4,2,0,20.8,156.0,0,0,south africa,0,0,1,0,0,39,0,23,3,3,0,0,11,0,0,3,0,1,18,0,7,1,0,0,3,0,24,1,0,0,56,0,0,0,0,0,0,4,0,225,1996-05-02 00:00:00,0,0,3,0,0
,karabo dhlamini,415578,,,defender,,,,,161.0,,,south africa,,,,,,,,17,,,,,7,,,,,,0,,,,,,,,,,,,5,,,,,,,,,,2001-09-18 00:00:00,,,,,
0,nothando vilakazi,348279,1,2,defender,0,0,2,18.4,160.0,0,0,south africa,0,0,1,1,0,79,0,30,2,0,0,1,3,0,2,0,0,0,7,5,2,0,2,0,1,0,56,0,0,0,132,0,0,1,0,0,0,4,0,171,1988-10-28 00:00:00,0,0,2,0,0
1,ilaria mauro,420252,0,3,forward,2,1,0,11.7,175.0,0,0,italy,0,0,0,0,0,29,0,31,0,0,0,0,18,0,0,1,0,0,15,1,2,0,0,0,1,0,17,0,0,0,49,0,0,0,0,0,0,4,0,97,1988-05-22 00:00:00,0,0,3,0,0
0,martina rosucci,357385,0,0,midfielder,0,0,0,3,171.0,0,0,italy,0,0,0,0,0,7,0,27,0,0,0,0,6,0,0,0,0,0,2,0,0,0,0,0,0,0,3,0,0,0,50,0,0,0,0,0,0,0,0,19,1992-05-09 00:00:00,0,0,1,0,0
1,aurora galli,420246,0,3,midfielder,1,1,0,32.9,161.0,0,0,italy,0,0,0,0,0,81,0,22,3,0,0,0,4,0,5,3,0,2,5,6,4,3,0,0,1,0,60,3,0,0,41,0,0,0,0,0,0,9,0,301,1996-12-13 00:00:00,0,0,5,0,0
,linda tucceri,420260,,,defender,,,,,163.0,,,italy,,,,,,,,28,,,,,20,,,,,,1,,,,,,,,,,,,21,,,,,,,,,,1991-04-04 00:00:00,,,,,
0,alia guagni,217053,1,2,defender,0,10,0,41,170.0,0,0,italy,0,0,0,0,0,199,0,31,2,0,0,0,7,0,16,0,0,0,5,6,2,0,0,0,2,0,126,0,0,0,77,0,0,0,0,0,0,6,0,417,1987-10-01 00:00:00,0,0,5,0,1
,rosalia pipitone,420254,,,goalkeeper,,,,,178.0,,,italy,,,,,,,,33,,,,,22,,,,,,0,,,,,,,,,,,,4,,,,,,,,,,1985-08-03 00:00:00,,,,,
0,lisa boattin,377971,0,1,defender,0,0,1,9.5,160.0,0,0,italy,0,0,0,0,0,35,0,22,1,0,0,0,17,0,0,0,0,0,0,1,1,0,0,0,1,0,23,0,0,0,22,0,0,0,0,0,0,1,0,97,1997-05-03 00:00:00,0,0,3,0,1
1,elisa bartoli,420237,1,3,defender,2,0,0,37.6,160.0,0,0,italy,0,0,0,0,0,139,0,28,0,0,0,0,13,0,12,1,0,0,1,8,2,0,3,0,1,0,106,0,0,0,61,0,0,0,0,0,0,6,0,341,1991-05-07 00:00:00,0,0,5,0,0
0,annamaria serturini,378032,0,1,midfielder,0,0,0,1.6,165.0,0,0,italy,0,0,0,0,0,6,0,21,0,0,0,0,15,0,0,0,0,0,1,1,0,0,0,0,0,0,4,0,0,0,7,0,0,0,0,0,0,1,0,15,1998-05-13 00:00:00,0,0,1,0,0
,laura fusetti,420245,,,defender,,,,,165.0,,,italy,,,,,,,,28,,,,,16,,,,,,0,,,,,,,,,,,,6,,,,,,,,,,1990-10-08 00:00:00,,,,,
3,valentina bergamaschi,378022,0,5,midfielder,4,5,0,34.7,168.0,0,0,italy,0,0,1,0,0,89,0,22,1,2,0,0,2,0,6,3,0,0,4,7,5,0,0,0,1,0,48,0,0,0,28,0,0,0,0,0,0,3,0,307,1997-01-22 00:00:00,0,0,5,0,0
1,daniela sabatino,224627,1,1,forward,4,0,0,16.2,165.0,0,0,italy,0,0,1,0,0,18,0,34,1,3,0,0,9,0,0,1,0,0,27,0,5,0,0,0,3,0,13,0,0,0,64,0,0,0,0,0,0,2,0,157,1985-06-26 00:00:00,0,0,3,0,0
0,sara gama,263995,1,3,defender,0,1,0,46.2,168.0,0,0,italy,0,0,0,1,0,152,0,30,1,0,0,0,3,0,16,0,0,0,6,6,1,0,6,0,1,0,110,0,0,0,115,0,0,0,0,0,0,6,0,450,1989-03-27 00:00:00,0,0,5,0,0
0,valentina cernoia,420243,2,9,midfielder,0,12,9,49.2,158.0,0,0,italy,0,0,1,0,0,152,0,28,3,0,0,0,21,0,9,0,0,0,7,12,3,0,1,0,2,0,111,0,0,0,46,0,0,1,0,0,0,4,0,450,1991-06-22 00:00:00,0,0,5,0,1
,alice parisi,330241,,,midfielder,,,,,167.0,,,italy,,,,,,,,28,,,,,8,,,,,,11,,,,,,,,,,,,79,,,,,,,,,,1990-12-11 00:00:00,,,,,
2,valentina giacinti,420247,0,11,forward,7,0,0,31.6,170.0,0,0,italy,0,0,1,0,0,49,0,25,1,3,0,0,19,0,3,2,0,0,7,3,8,0,0,0,5,0,33,1,0,0,30,0,0,0,0,0,0,2,0,274,1994-01-02 00:00:00,1,0,5,0,0
0,laura giuliani,357515,0,0,goalkeeper,0,0,0,24.2,175.0,0,0,italy,0,0,0,0,0,97,0,26,0,0,0,0,1,0,5,0,0,0,0,0,0,0,0,0,0,85.2,77,0,0,0,44,0,0,0,0,0,0,0,0,450,1993-06-05 00:00:00,0,23,5,0,0
3,barbara bonansea,420238,0,5,midfielder,5,10,0,40.4,173.0,0,0,italy,0,0,3,0,0,100,0,28,5,3,0,0,11,0,6,5,1,2,21,7,10,1,0,0,2,0,58,2,0,0,64,0,0,0,0,0,0,3,0,396,1991-06-13 00:00:00,0,0,5,0,0
0,manuela giugliano,378008,0,7,midfielder,0,5,6,48.6,160.0,0,0,italy,0,0,2,0,0,188,0,21,4,0,0,0,23,0,7,1,0,1,3,11,4,0,1,0,1,0,127,0,0,0,36,0,0,0,0,0,0,3,0,450,1997-08-18 00:00:00,0,0,5,0,3
,stefania tarenzi,420259,,,forward,,,,,170.0,,,italy,,,,,,,,31,,,,,14,,,,,,2,,,,,,,,,,,,10,,,,,,,,,,1988-02-29 00:00:00,,,,,
0,elena linari,357525,1,1,defender,0,1,0,42.3,173.0,0,0,italy,0,0,0,1,0,170,0,25,0,0,0,0,5,0,12,0,0,0,0,7,0,0,8,0,0,0,132,0,0,0,56,0,0,0,0,0,0,3,0,450,1994-04-15 00:00:00,0,0,5,0,0
,chiara marchitelli,217051,,,goalkeeper,,,,,170.0,,,italy,,,,,,,,34,,,,,12,,,,,,0,,,,,,,,,,,,52,,,,,,,,,,1985-05-04 00:00:00,,,,,
3,cristiana girelli,420248,1,7,forward,4,0,0,29.9,174.0,0,0,italy,1,0,2,0,1,108,0,29,1,5,0,0,10,0,5,3,1,0,32,5,5,1,2,0,0,0,68,3,0,0,66,0,0,0,0,0,0,4,0,279,1990-04-23 00:00:00,0,0,4,0,0
,sakiko ikeda,301258,,,goalkeeper,,,,,168.0,,,japan,,,,,,,,26,,,,,1,,,,,,0,,,,,,,,,,,,14,,,,,,,,,,1992-09-08 00:00:00,,,,,
0,moeka minami,377596,0,2,defender,0,0,0,9.2,171.0,0,0,japan,0,0,0,0,0,112,0,20,0,0,0,0,12,0,2,0,0,0,0,1,0,0,1,0,0,0,103,0,0,0,6,0,0,0,0,0,0,0,0,90,1998-12-07 00:00:00,0,0,1,0,0
3,yuika sugasawa,302776,0,6,forward,8,2,0,34.6,168.0,0,0,japan,1,0,0,0,0,79,0,28,3,1,0,0,9,0,1,4,0,1,19,1,11,1,0,0,7,0,61,1,0,0,67,0,0,0,0,0,0,3,0,298,1990-10-05 00:00:00,0,0,4,0,0
0,saki kumagai,298545,1,0,defender,2,0,0,37.5,173.0,0,0,japan,0,0,1,1,0,253,0,28,0,0,0,0,4,0,13,0,0,0,0,3,2,0,6,0,1,0,233,0,0,0,108,0,0,0,0,0,0,3,0,360,1990-10-17 00:00:00,0,0,4,0,0
0,narumi miura,377686,0,2,midfielder,1,0,0,37.4,156.0,0,0,japan,0,0,0,0,0,182,0,22,1,0,0,0,17,0,7,0,0,0,0,8,2,0,0,0,2,0,153,0,0,0,13,0,0,0,0,0,0,5,0,298,1997-07-03 00:00:00,0,0,4,0,0
,mizuho sakaguchi,262379,,,midfielder,,,,,165.0,,,japan,,,,,,,,31,,,,,10,,,,,,29,,,,,,,,,,,,124,,,,,,,,,,1987-10-15 00:00:00,,,,,
0,jun endo,397163,0,1,forward,2,4,2,19.7,167.0,0,0,japan,0,0,1,0,0,72,0,19,0,0,0,0,19,0,2,0,0,0,0,2,2,0,0,0,1,0,53,0,0,0,8,0,0,0,0,0,0,1,1,168,2000-05-24 00:00:00,0,0,3,0,1
0,emi nakajima,324594,0,4,midfielder,2,9,10,38.7,158.0,0,0,japan,0,0,0,0,0,142,0,28,4,0,0,0,7,0,4,2,0,2,14,4,6,0,0,0,4,0,100,0,0,0,74,0,0,0,0,0,0,1,0,326,1990-09-27 00:00:00,0,0,4,0,0
0,kumi yokoyama,325971,0,1,forward,0,0,1,13.3,155.0,0,0,japan,0,0,0,0,0,34,0,25,5,0,0,0,20,0,0,3,0,3,17,0,5,0,0,0,2,0,28,0,0,0,43,0,0,1,0,0,0,0,0,118,1993-08-13 00:00:00,0,0,2,0,0
0,risa shimizu,358082,1,2,defender,0,7,0,40.4,160.0,0,0,japan,0,0,0,0,0,246,0,23,2,0,0,0,22,0,4,0,0,0,0,3,2,0,0,0,2,0,208,0,0,0,28,0,0,0,0,0,0,1,0,360,1996-06-15 00:00:00,0,0,4,0,0
,rumi utsugi,268021,,,defender,,,,,168.0,,,japan,,,,,,,,30,,,,,2,,,,,,6,,,,,,,,,,,,113,,,,,,,,,,1988-12-05 00:00:00,,,,,
,asato miyagawa,377598,,,defender,,,,,160.0,,,japan,,,,,,,,21,,,,,16,,,,,,0,,,,,,,,,,,,5,,,,,,,,,,1998-02-24 00:00:00,,,,,
,shiori miyake,358092,,,defender,,,,,165.0,,,japan,,,,,,,,23,,,,,23,,,,,,0,,,,,,,,,,,,18,,,,,,,,,,1995-10-13 00:00:00,,,,,
2,hina sugita,358283,1,3,midfielder,6,0,0,48.5,162.0,0,0,japan,0,0,2,0,0,244,0,22,2,0,0,0,6,0,13,2,0,0,0,9,8,0,2,0,4,0,202,0,0,0,11,0,0,0,0,0,0,7,0,360,1997-01-31 00:00:00,0,0,4,0,0
0,rikako kobayashi,377690,0,0,forward,0,2,0,9.8,160.0,0,0,japan,0,0,0,0,0,18,0,21,0,0,0,0,11,0,3,0,0,0,2,2,0,0,0,0,0,0,11,0,0,0,7,0,0,0,0,0,0,0,0,86,1997-07-21 00:00:00,0,0,2,0,0
1,yuka momiki,358076,0,0,midfielder,1,2,2,2.6,153.0,0,0,japan,0,0,0,0,0,10,0,23,0,0,0,0,15,0,1,1,0,0,8,1,1,0,0,0,0,0,8,0,0,0,26,0,0,0,0,0,0,0,0,18,1996-04-09 00:00:00,0,0,1,0,0
0,saori takarada,397185,0,0,midfielder,1,0,0,1.7,169.0,0,0,japan,0,0,0,0,0,4,0,19,0,0,0,0,13,0,0,0,0,0,0,0,1,0,0,0,1,0,3,0,0,0,3,0,0,0,0,0,0,0,0,7,1999-12-27 00:00:00,0,0,3,0,0
1,mana iwabuchi,300685,1,3,forward,3,1,0,33,156.0,0,0,japan,0,0,1,0,0,93,0,26,5,0,0,0,8,0,1,3,0,2,21,1,8,1,0,0,4,0,71,1,0,0,65,0,0,0,0,0,0,2,0,293,1993-03-18 00:00:00,0,0,4,0,1
0,nana ichise,377589,0,1,defender,0,0,0,31,160.0,0,0,japan,0,0,1,0,0,160,0,21,1,0,0,0,5,0,11,0,0,0,0,7,1,0,5,0,0,0,142,0,0,0,19,0,0,0,0,0,0,1,0,270,1997-08-04 00:00:00,0,0,3,0,0
2,yui hasegawa,358084,0,1,midfielder,4,2,2,23.6,156.0,0,0,japan,0,0,0,0,0,113,0,22,0,0,0,0,14,0,1,2,0,0,7,0,4,1,0,0,2,0,85,1,0,0,39,0,0,0,0,0,0,2,0,189,1997-01-29 00:00:00,0,0,3,0,0
,chika hirao,358075,,,goalkeeper,,,,,173.0,,,japan,,,,,,,,22,,,,,21,,,,,,0,,,,,,,,,,,,2,,,,,,,,,,1996-12-31 00:00:00,,,,,
0,aya sameshima,298546,1,2,defender,0,11,0,39.2,163.0,0,0,japan,0,0,0,0,0,254,0,32,1,0,0,0,3,0,10,1,0,1,5,4,1,0,1,0,0,0,194,0,0,0,113,0,0,0,0,0,0,3,1,360,1987-06-16 00:00:00,0,0,4,0,0
0,ayaka yamashita,386675,0,0,goalkeeper,0,0,0,14.9,170.0,0,0,japan,0,0,0,0,0,72,0,23,0,0,0,0,18,0,2,0,0,0,0,0,0,0,0,0,0,68.8,67,0,0,0,31,0,0,0,0,0,0,0,0,360,1995-09-29 00:00:00,0,11,4,0,0
0,lorena benitez,420318,0,2,midfielder,0,2,0,26,156.0,0,0,argentina,0,0,0,0,0,77,0,20,3,0,0,0,16,0,3,1,0,1,0,4,3,0,1,0,2,0,55,0,0,0,6,0,0,1,0,0,0,1,0,246,1998-12-03 00:00:00,0,0,3,0,0
,solana pereyra,420333,,,goalkeeper,,,,,174.0,,,argentina,,,,,,,,20,,,,,23,,,,,,0,,,,,,,,,,,,1,,,,,,,,,,1999-04-05 00:00:00,,,,,
0,yael oviedo,357687,0,0,forward,0,0,0,0.6,165.0,0,0,argentina,0,0,0,0,0,0,0,27,0,0,0,0,7,0,0,0,0,0,2,0,0,0,0,0,0,0,0,0,0,0,25,0,0,0,0,0,0,0,0,1,1992-05-22 00:00:00,0,0,1,0,0
,gabriela chavez,251033,,,defender,,,,,162.0,,,argentina,,,,,,,,30,,,,,18,,,,,,0,,,,,,,,,,,,17,,,,,,,,,,1989-04-09 00:00:00,,,,,
,gabriela garton,420325,,,goalkeeper,,,,,174.0,,,argentina,,,,,,,,29,,,,,12,,,,,,0,,,,,,,,,,,,2,,,,,,,,,,1990-05-27 00:00:00,,,,,
1,ruth bravo,420320,0,4,midfielder,1,3,0,25.7,163.0,0,0,argentina,0,0,0,1,0,72,0,27,0,0,0,0,8,0,7,1,0,0,1,4,1,0,1,0,0,0,59,0,0,0,22,0,0,0,0,0,0,2,0,244,1992-03-06 00:00:00,0,0,3,0,0
0,aldana cometti,357688,1,3,defender,0,0,0,25.9,169.0,0,0,argentina,0,0,0,0,0,57,0,23,0,0,0,0,6,0,12,0,0,0,3,7,0,0,2,0,0,0,41,0,0,0,36,0,0,0,0,0,0,6,0,270,1996-03-03 00:00:00,0,0,3,0,0
0,vanina correa,199325,0,1,goalkeeper,0,0,0,9.2,180.0,0,0,argentina,0,0,0,0,0,16,0,35,0,0,0,0,1,0,1,0,0,0,0,0,0,0,0,0,0,76.5,9,0,0,0,33,0,0,0,0,0,0,0,0,270,1983-08-14 00:00:00,0,13,3,0,0
0,adriana sachs,357669,0,0,defender,0,0,0,9.2,164.0,0,0,argentina,0,0,0,0,0,28,0,25,0,0,0,0,4,0,2,0,0,0,0,1,0,0,0,0,0,0,11,0,0,0,26,0,0,0,0,0,0,0,0,90,1993-12-25 00:00:00,0,0,1,0,0
0,mariana larroquette,277429,1,4,forward,0,0,0,13.8,164.0,0,0,argentina,0,0,0,0,0,27,0,26,3,0,0,0,19,0,3,1,0,1,8,4,3,0,0,0,2,0,14,0,0,0,40,0,0,0,0,0,0,3,0,125,1992-10-24 00:00:00,0,0,3,0,0
1,sole jaimes,277433,0,2,forward,3,1,0,26.9,180.0,0,0,argentina,0,0,2,0,0,46,0,30,2,7,0,0,9,0,1,1,0,0,6,1,5,0,0,0,2,0,29,0,0,0,25,0,0,0,0,0,0,6,0,249,1989-01-20 00:00:00,0,0,3,0,0
2,florencia bonsegundo,357674,0,8,forward,2,3,1,28.2,167.0,0,0,argentina,1,0,1,0,0,85,0,25,2,1,0,0,11,0,4,2,0,0,12,3,4,1,0,0,1,0,50,1,0,0,38,0,0,0,0,0,0,2,0,257,1993-07-14 00:00:00,0,0,3,0,0
1,milagros menendez,420329,0,0,forward,1,0,0,3.1,169.0,0,0,argentina,0,0,0,0,0,4,0,22,0,0,0,0,22,0,0,1,0,0,1,0,1,1,0,0,0,0,1,1,0,0,4,0,0,0,0,0,0,1,0,30,1997-03-23 00:00:00,0,0,1,0,0
,maria potassa,251043,,,forward,,,,,169.0,,,argentina,,,,,,,,30,,,,,15,,,,,,8,,,,,,,,,,,,29,,,,,,,,,,1988-12-12 00:00:00,,,,,
0,eliana stabile,420334,0,1,defender,0,2,0,28.9,167.0,0,0,argentina,0,0,0,0,0,106,0,25,0,0,0,0,3,0,4,0,0,0,2,8,0,0,0,0,0,0,70,0,0,0,17,0,0,0,0,0,0,1,0,270,1993-11-26 00:00:00,0,0,3,0,0
0,virginia gomez,296546,0,0,defender,0,0,0,9.3,167.0,0,0,argentina,0,0,0,0,0,38,0,28,0,0,0,0,13,0,4,0,0,0,0,3,0,0,0,0,0,0,21,0,0,0,9,0,0,0,0,0,0,0,0,90,1991-02-26 00:00:00,0,0,1,0,0
0,miriam mayorga,420328,0,1,midfielder,0,0,0,20.6,163.0,0,0,argentina,0,0,0,0,0,27,0,29,0,0,0,0,14,0,4,0,0,0,0,3,0,0,1,0,0,0,13,0,0,0,12,0,0,0,0,0,0,0,0,188,1989-11-20 00:00:00,0,0,3,0,0
0,agustina barroso,357668,1,0,defender,0,0,0,27.4,165.0,0,0,argentina,0,0,0,0,0,48,0,26,0,0,0,0,2,0,13,0,0,0,0,4,0,0,0,0,0,0,36,0,0,0,40,0,0,0,0,0,0,3,0,270,1993-05-20 00:00:00,0,0,3,0,0
,natalie juncos,420327,,,defender,,,,,161.0,,,argentina,,,,,,,,28,,,,,21,,,,,,0,,,,,,,,,,,,6,,,,,,,,,,1990-12-28 00:00:00,,,,,
0,dalila ippolito,420326,0,0,midfielder,0,0,0,2.2,155.0,0,0,argentina,0,0,0,0,0,9,0,17,0,0,0,0,20,0,0,0,0,0,0,1,0,0,0,0,0,0,8,0,0,0,3,0,0,0,0,0,0,0,1,20,2002-03-24 00:00:00,0,0,1,0,1
0,estefania banini,330067,0,5,midfielder,1,0,0,23.8,160.0,0,0,argentina,0,0,1,0,0,97,0,29,0,0,0,0,10,0,2,0,0,0,9,2,1,0,0,0,0,0,72,0,0,0,36,0,0,0,0,0,0,1,0,218,1990-06-21 00:00:00,0,0,3,0,0
0,vanesa santana,277423,0,1,midfielder,0,0,0,14.1,166.0,0,0,argentina,0,0,0,0,0,32,0,28,1,0,0,0,5,0,0,0,0,0,0,1,1,0,1,0,1,0,23,0,0,0,35,0,0,0,0,0,0,3,0,121,1990-09-03 00:00:00,0,0,3,0,0
0,mariela coronel,199342,0,0,midfielder,1,0,0,1.4,170.0,0,0,argentina,0,0,0,0,0,5,0,38,0,0,0,0,17,0,0,0,0,0,1,0,1,0,0,0,1,0,4,0,0,0,30,0,0,0,0,0,0,0,0,11,1981-06-20 00:00:00,0,0,1,0,0
0,daniela zamora,296395,0,9,forward,0,9,0,31.7,166.0,0,0,chile,0,0,0,0,0,68,0,28,0,0,0,0,20,0,4,2,0,0,5,4,4,0,0,0,2,0,43,0,0,0,40,0,0,0,0,0,0,1,0,270,1990-11-13 00:00:00,0,0,3,0,0
0,maria jose rojas,420404,0,0,forward,0,0,0,1.2,153.0,0,0,chile,0,0,0,0,0,2,0,31,0,0,0,0,7,0,0,0,0,0,11,0,0,0,0,0,0,0,1,0,0,0,44,0,0,0,0,0,0,0,0,2,1987-12-17 00:00:00,0,0,1,0,0
0,rosario balmaceda,420412,0,1,midfielder,0,7,2,31.6,163.0,0,0,chile,0,0,0,0,0,69,0,20,0,0,0,0,21,0,4,1,0,0,0,3,2,0,0,0,1,0,48,0,0,0,9,0,0,0,0,0,0,0,0,270,1999-03-26 00:00:00,0,0,3,0,0
0,maria jose urrutia,321184,0,4,forward,0,0,0,25,168.0,0,0,chile,0,0,1,0,0,45,0,25,1,1,0,0,9,0,4,1,0,0,2,2,7,0,0,0,5,0,31,1,0,0,14,0,0,0,0,0,0,4,0,217,1993-12-17 00:00:00,0,0,3,0,0
,natalia campos,420411,,,goalkeeper,,,,,170.0,,,chile,,,,,,,,27,,,,,12,,,,,,0,,,,,,,,,,,,8,,,,,,,,,,1992-01-12 00:00:00,,,,,
0,daniela pardo,266385,0,1,midfielder,0,0,0,0.7,161.0,0,0,chile,0,0,0,0,0,2,0,31,0,0,0,0,14,0,0,0,0,0,2,0,0,0,0,0,0,0,2,0,0,0,25,0,0,0,0,0,0,0,0,1,1988-05-09 00:00:00,0,0,1,0,0
0,su helen galaz,420414,1,5,defender,0,0,0,18.6,159.0,0,0,chile,0,0,0,0,0,46,0,28,0,0,0,0,15,0,8,0,0,0,0,3,0,0,1,0,0,0,34,0,0,0,35,0,0,0,0,0,0,2,0,180,1991-05-27 00:00:00,0,0,2,0,0
,fernanda pinilla,321187,,,defender,,,,,168.0,,,chile,,,,,,,,25,,,,,16,,,,,,0,,,,,,,,,,,,16,,,,,,,,,,1993-11-06 00:00:00,,,,,
0,claudia soto,321181,0,0,midfielder,0,1,1,4.7,165.0,0,0,chile,0,0,0,0,0,6,0,26,0,0,0,0,6,0,2,0,0,0,0,1,0,0,0,0,0,0,1,0,0,0,27,0,0,0,0,0,0,1,0,45,1993-07-06 00:00:00,0,0,1,0,0
,elisa duran,420417,,,midfielder,,,,,168.0,,,chile,,,,,,,,17,,,,,22,,,,,,0,,,,,,,,,,,,0,,,,,,,,,,2002-01-16 00:00:00,,,,,
0,yanara aedo,321179,0,2,midfielder,0,3,0,22.2,154.0,0,0,chile,0,0,1,0,0,107,0,25,0,0,0,0,10,0,0,0,0,0,9,1,2,0,0,0,1,0,86,0,0,0,58,0,0,0,0,0,0,0,0,174,1993-08-05 00:00:00,0,0,2,0,0
0,javiera toro,420415,0,2,defender,0,0,0,19.2,160.0,0,0,chile,0,0,0,0,0,51,0,21,0,0,0,0,17,0,10,0,0,0,0,8,0,0,0,0,0,0,32,0,0,0,7,0,0,0,0,0,0,2,0,180,1998-04-22 00:00:00,0,0,2,0,0
0,carla guerrero,266348,1,2,defender,0,1,0,27.4,172.0,0,0,chile,0,0,0,0,0,101,0,31,0,1,0,0,3,0,15,0,0,0,4,9,0,0,2,0,0,0,72,0,0,0,62,0,0,0,0,0,0,1,0,270,1987-12-23 00:00:00,0,0,3,0,0
0,christiane endler,302891,0,0,goalkeeper,0,0,0,14.5,182.0,0,0,chile,0,0,0,0,0,60,0,27,0,0,0,0,1,0,0,0,0,0,0,0,0,0,0,0,0,68.8,35,0,0,0,69,0,0,0,0,0,0,0,0,270,1991-07-23 00:00:00,0,13,3,0,0
0,javiera grez,420408,0,0,forward,0,0,0,4.3,148.0,0,0,chile,0,0,0,0,0,13,0,18,0,0,0,0,13,0,0,0,0,0,2,0,5,0,0,0,5,0,10,0,0,0,14,0,0,0,0,0,0,1,0,43,2000-07-11 00:00:00,0,0,1,0,0
0,francisca lara,420400,1,2,defender,1,13,1,33.2,165.0,0,0,chile,0,0,0,0,0,114,0,28,1,1,0,0,4,0,7,1,0,0,20,5,5,0,1,0,4,0,78,0,0,0,62,0,0,0,0,0,0,2,0,269,1990-07-29 00:00:00,0,0,3,0,0
,ryann torrero,420427,,,goalkeeper,,,,,175.0,,,chile,,,,,,,,28,,,,,23,,,,,,0,,,,,,,,,,,,0,,,,,,,,,,1990-09-01 00:00:00,,,,,
0,yessenia lopez,420410,1,3,midfielder,0,8,1,18.3,160.0,0,0,chile,0,0,0,0,0,89,0,28,1,0,0,0,11,0,3,1,0,0,3,3,4,0,0,0,3,0,76,0,0,0,29,0,0,0,0,0,0,9,0,166,1990-10-20 00:00:00,0,0,3,0,1
0,yessenia huenteo,420416,1,0,forward,0,1,0,2.6,156.0,0,0,chile,0,0,0,1,0,5,0,26,0,0,0,0,19,0,2,0,0,0,1,1,0,0,0,0,0,0,3,0,0,0,49,0,0,0,0,0,0,1,0,22,1992-10-30 00:00:00,0,0,1,0,0
0,rocio soto,321185,0,1,defender,0,5,0,11.6,161.0,0,0,chile,0,0,0,0,0,54,0,25,0,0,0,0,2,0,2,0,0,0,1,2,0,0,0,0,0,0,43,0,0,0,35,0,0,0,0,0,0,0,0,96,1993-09-21 00:00:00,0,0,2,0,0
0,camila saez,321176,0,0,defender,0,0,0,27.1,167.0,0,0,chile,0,0,0,0,0,105,0,24,0,1,0,0,18,0,9,0,0,0,5,4,1,0,1,0,1,0,85,0,0,0,53,0,0,0,0,0,0,3,0,270,1994-10-17 00:00:00,0,0,3,0,0
0,karen araya,266387,0,1,midfielder,0,3,0,25.4,162.0,0,0,chile,0,0,1,0,0,119,0,28,3,1,0,0,8,0,2,2,0,1,5,4,6,0,3,0,3,0,80,0,0,0,57,0,0,0,0,0,0,1,0,225,1990-10-16 00:00:00,0,0,3,0,0
,valentina diaz,420420,,,defender,,,,,157.0,,,chile,,,,,,,,18,,,,,5,,,,,,0,,,,,,,,,,,,2,,,,,,,,,,2001-03-30 00:00:00,,,,,
0,chiamaka nnadozie,397517,1,1,goalkeeper,0,0,0,10.4,180.0,0,0,nigeria,0,0,0,0,0,25,0,18,0,0,0,0,16,0,0,0,0,0,0,0,0,0,0,0,0,72.7,13,0,0,0,3,0,0,0,0,0,0,0,0,270,2000-12-08 00:00:00,0,11,3,0,0
0,uchenna kanu,358908,0,1,forward,1,1,0,13.1,176.0,0,0,nigeria,0,0,1,0,0,10,0,22,0,0,0,0,12,0,3,0,0,0,0,2,1,0,0,0,0,0,7,0,0,0,4,0,0,0,0,0,0,0,0,111,1997-06-20 00:00:00,0,0,4,0,0
1,asisat oshoala,357650,0,0,forward,5,5,0,25.1,173.0,0,0,nigeria,0,0,1,0,0,51,0,24,0,1,0,0,8,0,4,1,0,0,1,2,5,1,0,0,3,0,31,1,0,0,3,0,0,0,0,0,0,6,0,257,1994-10-09 00:00:00,0,0,3,0,0
0,anam imo,413116,0,0,forward,0,1,0,3.4,170.0,0,0,nigeria,0,0,0,0,0,7,0,18,0,0,0,0,7,0,0,0,0,0,0,0,0,0,0,0,0,0,5,0,0,0,2,0,0,0,0,0,0,0,0,15,2000-11-30 00:00:00,0,0,2,0,0
0,ngozi okobi,302083,0,2,midfielder,1,8,5,38.7,163.0,0,0,nigeria,0,0,2,0,0,100,0,25,2,0,0,0,13,0,9,0,0,0,8,8,3,0,0,0,1,0,64,0,0,0,70,0,0,1,0,0,0,1,0,360,1993-12-14 00:00:00,0,0,4,0,0
,amarachi okoronkwo,298755,,,midfielder,,,,,163.0,,,nigeria,,,,,,,,26,,,,,2,,,,,,0,,,,,,,,,,,,0,,,,,,,,,,1992-12-12 00:00:00,,,,,
,ogonna chukwudi,255714,,,midfielder,,,,,161.0,,,nigeria,,,,,,,,30,,,,,23,,,,,,0,,,,,,,,,,,,0,,,,,,,,,,1988-09-14 00:00:00,,,,,
0,faith michael,201289,0,0,defender,0,0,0,4.7,166.0,0,0,nigeria,0,0,0,0,0,11,0,32,0,0,0,0,14,0,0,0,0,0,0,0,0,0,0,0,0,0,8,0,0,0,1,0,0,0,0,0,0,0,0,54,1987-02-28 00:00:00,0,0,1,0,0
0,onome ebi,190157,0,3,defender,0,0,0,34.6,175.0,0,0,nigeria,0,0,0,0,0,81,0,36,0,0,0,0,5,0,20,0,0,0,0,4,0,0,3,0,0,0,44,0,0,0,4,0,0,0,0,0,0,1,0,360,1983-05-08 00:00:00,0,0,4,0,0
0,alice ogebe,419980,0,0,forward,0,0,0,1.4,160.0,0,0,nigeria,0,0,1,0,0,4,0,24,1,0,0,0,22,0,0,0,0,0,0,1,1,0,0,0,0,0,3,0,0,0,1,0,0,0,0,0,0,0,0,6,1995-03-30 00:00:00,0,0,1,0,0
0,rasheedat ajibade,377785,1,1,midfielder,0,0,0,5.6,167.0,0,0,nigeria,0,0,0,0,0,6,0,19,0,0,0,0,15,0,0,0,0,0,1,0,0,0,0,0,0,0,3,0,0,0,9,0,0,0,0,0,0,2,0,45,1999-12-08 00:00:00,0,0,1,0,0
1,desire oparanozie,300600,2,2,forward,3,1,0,34.7,170.0,0,0,nigeria,0,0,0,0,0,38,0,25,2,1,0,0,9,0,4,1,0,0,0,1,6,0,1,0,5,0,27,0,0,0,4,0,0,1,0,0,0,7,0,340,1993-12-17 00:00:00,0,0,4,0,0
0,francisca ordega,301727,1,11,forward,1,11,0,33,160.0,0,0,nigeria,0,0,1,0,0,76,0,25,2,0,0,0,17,0,7,0,0,0,0,5,3,0,0,0,2,0,45,0,0,0,4,0,0,0,0,0,0,6,0,344,1993-10-19 00:00:00,0,0,4,0,0
0,evelyn nwabuoku,224781,1,0,midfielder,0,2,0,5.2,167.0,0,0,nigeria,0,0,0,1,0,19,0,33,0,0,0,0,6,0,4,0,0,0,0,1,0,0,0,0,0,0,10,0,0,0,2,0,0,0,0,0,0,2,0,51,1985-11-14 00:00:00,0,0,2,0,0
1,osinachi ohale,324238,0,0,defender,1,4,0,35.1,174.0,0,0,nigeria,0,0,1,0,0,88,0,27,2,0,0,0,3,0,14,1,0,0,0,1,3,0,4,0,1,0,59,0,0,0,4,0,0,0,0,0,0,0,0,360,1991-12-21 00:00:00,0,0,4,0,0
0,rita chikwelu,224786,2,7,midfielder,1,3,0,28.6,160.0,0,0,nigeria,0,0,1,0,0,81,0,31,0,0,0,0,10,0,9,0,0,0,21,7,1,0,1,0,0,0,51,0,0,0,71,0,0,0,0,0,0,9,0,270,1988-03-06 00:00:00,0,0,3,0,0
,alaba jonathan,302087,,,goalkeeper,,,,,167.0,,,nigeria,,,,,,,,27,,,,,21,,,,,,0,,,,,,,,,,,,0,,,,,,,,,,1992-06-01 00:00:00,,,,,
0,chinwendu ihezuo,358915,0,4,forward,1,1,2,7.6,172.0,0,0,nigeria,0,0,0,0,0,8,0,22,0,0,0,0,19,0,1,0,0,0,0,1,1,0,0,0,1,0,3,0,0,0,1,0,0,0,0,0,0,3,0,75,1997-04-30 00:00:00,0,0,1,0,0
0,chidinma okeke,397520,0,5,defender,0,0,0,30.8,168.0,0,0,nigeria,0,0,0,0,0,133,0,18,1,0,0,0,20,0,14,0,0,0,0,5,1,0,1,0,1,0,84,0,0,0,4,0,0,0,0,0,0,0,1,306,2000-08-11 00:00:00,0,0,4,0,1
0,ngozi ebere,300602,0,1,defender,0,14,6,25.4,168.0,0,0,nigeria,0,0,0,0,0,116,0,27,0,0,0,1,4,0,8,0,0,0,0,1,0,0,0,0,0,0,72,0,0,0,3,0,0,0,0,0,0,6,0,255,1991-08-05 00:00:00,0,0,3,0,0
0,halimatu ayinde,326090,0,2,midfielder,0,4,0,28.6,167.0,0,0,nigeria,0,0,1,0,0,61,0,24,2,0,0,0,18,0,8,0,0,0,1,8,3,0,0,0,2,0,45,0,0,0,44,0,0,0,0,0,0,4,0,256,1995-05-16 00:00:00,0,0,4,0,0
0,tochukwu oluehi,255691,0,0,goalkeeper,0,0,0,4.4,168.0,0,0,nigeria,0,0,0,0,0,13,0,32,0,0,0,0,1,0,3,0,0,0,0,1,0,0,0,0,0,40,8,0,0,0,1,0,0,0,0,0,0,0,0,90,1987-05-02 00:00:00,0,2,1,0,0
1,chinaza uchendu,398357,0,0,midfielder,1,5,2,12.6,170.0,0,0,nigeria,0,0,0,0,0,44,0,21,3,0,0,0,11,0,2,1,0,0,0,2,4,0,0,0,3,0,29,0,0,0,3,0,0,0,0,0,0,3,0,119,1997-12-03 00:00:00,0,0,3,0,0
3,shanice van de sanden,386932,0,0,forward,5,27,0,49.8,168.0,0,0,netherlands,0,0,2,0,0,147,0,26,4,3,0,0,7,0,2,4,0,1,17,2,9,0,1,0,3,0,93,0,0,0,71,0,0,0,0,0,0,6,0,432,1992-10-02 00:00:00,0,0,7,0,1
0,desiree van lunteren,386922,0,3,defender,0,11,0,73,170.0,0,0,netherlands,0,0,1,0,0,499,0,26,2,1,0,0,2,0,24,0,0,0,0,17,2,0,1,0,1,0,374,0,0,0,78,0,0,0,0,0,0,5,0,660,1992-12-30 00:00:00,0,0,7,0,1
0,merel van dongen,386917,0,3,defender,0,8,0,45.5,170.0,0,0,netherlands,0,0,0,0,0,289,0,26,1,0,0,0,4,0,12,0,0,0,1,16,1,0,0,0,1,0,234,0,0,0,33,0,0,0,0,0,0,6,0,409,1993-02-11 00:00:00,0,0,6,0,0
1,anouk dekker,386916,1,1,defender,1,0,0,25.9,182.0,0,0,netherlands,0,0,0,0,0,133,0,32,0,0,0,0,6,0,3,1,1,0,7,4,1,0,2,0,0,0,102,1,0,0,81,0,0,0,0,0,0,3,0,256,1986-11-15 00:00:00,0,0,4,0,0
1,jill roord,386926,1,2,midfielder,3,1,1,19.9,175.0,0,0,netherlands,0,0,1,0,0,82,0,22,2,0,0,0,19,0,2,1,1,0,4,3,5,0,1,0,3,0,68,1,0,0,48,0,0,0,0,0,0,6,0,155,1997-04-22 00:00:00,0,0,7,0,0
6,vivianne miedema,386925,0,4,forward,17,2,0,64.8,175.0,0,0,netherlands,0,0,7,0,0,182,0,22,8,0,0,0,9,0,2,9,2,3,61,2,25,1,0,0,9,0,136,3,0,0,82,0,0,0,0,0,0,7,0,657,1996-07-15 00:00:00,0,0,7,0,0
,victoria pelova,412994,,,midfielder,,,,,163.0,,,netherlands,,,,,,,,20,,,,,12,,,,,,0,,,,,,,,,,,,3,,,,,,,,,,1999-06-03 00:00:00,,,,,
0,danielle van de donk,386918,1,17,midfielder,4,1,0,73.9,160.0,0,0,netherlands,0,0,3,0,0,305,0,27,3,1,0,0,10,0,7,0,0,0,16,9,7,0,0,0,4,0,230,0,0,0,96,0,0,0,0,0,0,8,0,635,1991-08-05 00:00:00,0,0,7,0,0
,liza van der most,387091,,,defender,,,,,164.0,,,netherlands,,,,,,,,25,,,,,22,,,,,,0,,,,,,,,,,,,13,,,,,,,,,,1993-10-08 00:00:00,,,,,
0,kika van es,420210,0,2,defender,0,2,0,16.5,169.0,0,0,netherlands,0,0,0,0,0,130,0,27,0,0,0,0,5,0,5,0,0,0,0,8,0,0,0,0,0,0,98,0,0,0,61,0,0,0,0,0,0,1,0,161,1991-10-11 00:00:00,0,0,3,0,0
0,renate jansen,387087,0,0,forward,0,0,0,1.1,166.0,0,0,netherlands,0,0,0,0,0,1,0,28,0,0,0,0,13,0,0,0,0,0,3,0,0,0,0,0,0,0,0,0,0,0,37,0,0,0,0,0,0,0,0,3,1990-12-07 00:00:00,0,0,1,0,0
0,sari van veenendaal,386927,0,2,goalkeeper,0,0,0,33.2,180.0,0,0,netherlands,0,0,0,0,0,84,0,29,0,0,0,0,1,0,11,0,0,0,0,0,0,0,0,0,0,80,73,0,0,0,60,0,0,0,0,0,0,0,0,660,1990-04-03 00:00:00,0,20,7,0,0
1,dominique bloodworth,387074,0,2,defender,4,1,0,67,175.0,0,0,netherlands,0,0,1,0,0,424,0,24,0,0,0,0,20,0,16,1,0,0,1,7,4,0,5,0,2,0,343,1,0,0,54,0,0,0,0,0,0,6,0,660,1995-01-17 00:00:00,1,0,7,0,0
,lize kop,411033,,,goalkeeper,,,,,173.0,,,netherlands,,,,,,,,21,,,,,16,,,,,,0,,,,,,,,,,,,1,,,,,,,,,,1998-03-17 00:00:00,,,,,
,ellen jansen,420206,,,forward,,,,,174.0,,,netherlands,,,,,,,,26,,,,,17,,,,,,1,,,,,,,,,,,,15,,,,,,,,,,1992-10-06 00:00:00,,,,,
6,lieke martens,386923,0,5,forward,13,8,0,63.2,170.0,0,0,netherlands,1,0,3,0,1,234,0,26,0,3,0,0,11,0,6,6,0,0,44,7,13,1,1,0,4,0,177,2,0,0,110,0,0,0,0,0,0,1,0,545,1992-12-16 00:00:00,0,0,7,0,0
1,stefanie van der gragt,386920,1,2,defender,1,0,0,48.6,178.0,0,0,netherlands,0,0,0,1,0,297,0,26,0,0,0,0,3,0,27,1,1,0,8,14,1,0,2,0,0,0,257,1,0,0,61,0,0,0,0,0,0,5,0,477,1992-08-16 00:00:00,0,0,5,0,0
0,jackie groenen,420205,0,14,midfielder,1,6,0,74.1,165.0,0,0,netherlands,0,0,2,0,0,313,0,24,3,1,0,0,14,0,21,1,0,1,3,19,4,1,1,0,1,0,238,1,0,0,54,0,0,1,0,0,0,8,1,645,1994-12-17 00:00:00,0,0,7,0,0
0,sherida spitse,264651,2,9,midfielder,0,17,18,73.6,166.0,0,0,netherlands,0,0,4,0,0,437,0,29,10,0,0,0,8,0,23,2,0,2,30,21,10,0,3,0,4,0,358,0,0,0,169,0,0,4,0,0,0,9,0,640,1990-05-29 00:00:00,0,0,7,0,4
,danique kerkdijk,387079,,,defender,,,,,172.0,,,netherlands,,,,,,,,23,,,,,18,,,,,,0,,,,,,,,,,,,14,,,,,,,,,,1996-05-01 00:00:00,,,,,
1,lineth beerensteyn,387076,0,7,forward,3,3,0,27.2,160.0,0,0,netherlands,0,0,2,0,0,52,0,22,4,2,0,0,21,0,1,3,0,2,10,0,7,0,1,0,2,0,36,1,0,0,47,0,0,0,0,0,0,1,0,265,1996-10-11 00:00:00,1,0,7,0,1
,loes geurts,264635,,,goalkeeper,,,,,168.0,,,netherlands,,,,,,,,33,,,,,23,,,,,,0,,,,,,,,,,,,123,,,,,,,,,,1986-01-12 00:00:00,,,,,
,inessa kaagman,387078,,,midfielder,,,,,170.0,,,netherlands,,,,,,,,23,,,,,15,,,,,,0,,,,,,,,,,,,2,,,,,,,,,,1996-04-17 00:00:00,,,,,
1,lucia garcia,398092,0,7,forward,6,7,0,26.9,163.0,0,0,spain,0,0,4,0,0,82,0,20,1,2,0,0,17,0,2,1,0,0,1,2,7,1,0,0,2,0,58,1,0,0,18,0,0,0,0,0,0,9,0,252,1998-07-14 00:00:00,0,0,4,0,1
0,irene paredes,387133,1,0,defender,2,1,0,37.9,178.0,0,0,spain,0,0,0,0,0,223,0,28,0,0,0,0,4,0,17,0,0,0,8,6,2,0,2,0,2,0,179,0,0,0,68,0,0,0,0,0,0,5,0,360,1991-07-04 00:00:00,0,0,4,0,0
1,marta corredera,387143,1,4,defender,1,5,0,36.6,162.0,0,0,spain,0,0,2,0,0,235,0,27,4,0,0,0,7,0,8,2,0,1,5,6,5,0,0,0,1,0,169,0,0,0,72,0,0,0,0,0,0,6,0,360,1991-08-08 00:00:00,0,0,4,0,0
,andrea pereira,420282,,,defender,,,,,164.0,,,spain,,,,,,,,25,,,,,20,,,,,,0,,,,,,,,,,,,26,,,,,,,,,,1993-09-19 00:00:00,,,,,
0,celia jimenez,387130,0,0,defender,0,0,0,0.7,170.0,0,0,spain,0,0,0,0,0,0,0,24,0,0,0,0,2,0,0,0,0,0,0,0,0,0,0,0,0,0,0,0,0,0,24,0,0,0,0,0,0,0,0,4,1995-06-20 00:00:00,0,0,1,0,0
2,nahikari garcia,377769,0,2,forward,6,1,0,25.4,160.0,0,0,spain,0,0,2,0,0,52,0,22,1,4,0,0,22,0,1,3,0,1,1,1,7,0,0,0,2,0,43,0,0,0,13,0,0,0,0,0,0,1,0,232,1997-03-10 00:00:00,0,0,4,0,0
0,aitana bonmati,377762,0,0,midfielder,1,0,0,6.7,162.0,0,0,spain,0,0,1,0,0,35,0,21,0,0,0,0,18,0,0,0,0,0,1,2,1,0,0,0,0,0,31,0,0,0,14,0,0,0,0,0,0,0,0,58,1998-01-18 00:00:00,0,0,2,0,0
0,leila ouahabi,420281,0,1,defender,0,4,0,20.5,172.0,0,0,spain,0,0,1,0,0,98,0,26,1,0,0,0,3,0,3,0,0,0,1,1,1,0,0,0,0,0,77,0,0,0,29,0,0,0,0,0,0,3,0,180,1993-03-22 00:00:00,0,0,2,0,0
0,silvia meseguer,387136,0,0,midfielder,1,1,0,8.3,168.0,0,0,spain,0,0,1,0,0,39,0,30,1,0,0,0,15,0,1,0,0,0,5,0,2,0,0,0,1,0,31,0,0,0,67,0,0,0,0,0,0,0,0,66,1989-03-12 00:00:00,0,0,1,0,0
0,virginia torrecilla,387135,0,3,midfielder,1,1,0,39.8,173.0,0,0,spain,0,0,3,1,0,178,0,24,5,1,0,0,14,0,6,0,0,0,6,8,6,0,1,0,3,0,131,0,0,0,62,0,0,0,0,0,0,8,0,353,1994-09-04 00:00:00,0,0,4,0,1
1,mariona caldentey,398097,0,1,forward,2,8,3,25,164.0,0,0,spain,0,0,1,0,0,136,0,23,3,1,0,0,9,0,1,2,0,1,2,1,5,0,0,0,2,0,104,0,0,0,25,0,0,0,0,0,0,2,1,201,1996-03-19 00:00:00,0,0,4,0,0
2,patri guijarro,377757,0,3,midfielder,4,3,0,24.1,170.0,0,0,spain,0,0,2,0,0,91,0,21,4,0,0,0,12,0,2,3,0,1,3,3,8,0,0,0,3,0,65,0,0,0,22,0,0,0,0,0,0,2,0,204,1998-05-17 00:00:00,0,0,3,0,0
0,vicky losada,387153,0,2,midfielder,0,3,1,8.9,168.0,0,0,spain,0,0,0,0,0,45,0,28,1,0,0,0,6,0,1,0,0,0,13,0,1,0,0,0,1,0,34,0,0,0,66,0,0,0,0,0,0,1,0,77,1991-03-05 00:00:00,0,0,2,0,0
,dolores gallardo,325626,,,goalkeeper,,,,,171.0,,,spain,,,,,,,,26,,,,,1,,,,,,0,,,,,,,,,,,,30,,,,,,,,,,1993-06-10 00:00:00,,,,,
0,andrea falcon,377772,0,2,forward,0,1,0,6.5,167.0,0,0,spain,0,0,0,0,0,4,0,22,0,0,0,0,21,0,0,0,0,0,1,0,0,0,0,0,0,0,3,0,0,0,10,0,0,0,0,0,0,1,0,57,1997-02-28 00:00:00,0,0,2,0,0
0,maria leon,420279,0,2,defender,0,1,0,35.1,169.0,0,0,spain,0,0,0,1,0,206,0,24,1,0,0,0,16,0,6,0,0,0,1,1,1,0,2,0,1,0,173,0,0,0,29,0,0,1,0,0,0,4,0,360,1995-06-13 00:00:00,0,0,4,0,0
5,jennifer hermoso,387138,0,6,forward,8,18,18,42,174.0,0,0,spain,2,0,3,0,0,227,0,29,5,0,0,0,10,0,0,8,0,3,31,0,13,1,0,0,2,0,174,3,0,0,73,0,0,0,0,0,0,7,0,360,1990-05-09 00:00:00,2,0,4,0,0
1,marta torrejon,387132,0,0,defender,2,8,0,19.4,170.0,0,0,spain,0,0,1,0,0,118,0,29,1,0,0,0,8,0,3,1,0,0,9,0,3,0,0,0,1,0,100,0,0,0,90,0,0,1,0,0,0,1,0,180,1990-02-27 00:00:00,0,0,2,0,0
,maria quinones,398095,,,goalkeeper,,,,,171.0,,,spain,,,,,,,,22,,,,,23,,,,,,0,,,,,,,,,,,,3,,,,,,,,,,1996-10-29 00:00:00,,,,,
0,amanda sampedro,325638,0,1,midfielder,1,1,0,5.2,159.0,0,0,spain,0,0,0,0,0,35,0,26,0,0,0,0,19,0,0,0,0,0,11,0,1,0,0,0,1,0,31,0,0,0,49,0,0,0,0,0,0,1,0,45,1993-06-26 00:00:00,0,0,1,0,0
,ivana andres,325623,,,defender,,,,,164.0,,,spain,,,,,,,,24,,,,,5,,,,,,0,,,,,,,,,,,,22,,,,,,,,,,1994-07-13 00:00:00,,,,,
0,sandra panos,387128,0,0,goalkeeper,0,0,0,20.5,168.0,0,0,spain,0,0,0,0,0,55,0,26,0,0,0,0,13,0,3,0,0,0,0,0,0,0,0,0,0,69.2,37,0,0,0,34,0,0,0,0,0,0,0,0,360,1992-11-04 00:00:00,0,9,4,0,0
3,alexia putellas,325636,0,2,midfielder,5,5,0,28.4,175.0,0,0,spain,0,0,3,0,0,128,0,25,2,1,0,0,11,0,1,4,0,1,14,1,7,0,0,0,0,0,94,0,0,0,70,0,0,1,0,0,0,1,0,251,1994-02-04 00:00:00,0,0,4,0,0
0,alyssa naeher,301016,0,1,goalkeeper,0,0,0,32.9,175.0,0,0,usa,0,0,0,0,0,90,0,31,0,0,0,0,1,0,8,0,0,0,0,0,0,0,0,0,0,78.6,58,0,0,0,53,0,0,0,0,0,0,0,0,630,1988-04-20 00:00:00,0,13,7,0,0
0,kelley o hara,251016,1,5,defender,1,11,0,56.9,165.0,0,0,usa,0,0,0,0,0,306,0,30,0,0,0,0,5,0,13,0,0,0,2,4,1,0,1,0,1,0,258,0,0,0,124,0,0,0,0,0,0,4,0,492,1988-08-04 00:00:00,0,0,6,0,2
0,emily sonnett,357595,0,0,defender,0,0,0,1.6,170.0,0,0,usa,0,0,0,0,0,12,0,25,0,0,0,0,14,0,0,0,0,0,0,0,0,0,0,0,0,0,12,0,0,0,34,0,0,0,0,0,0,0,0,8,1993-11-25 00:00:00,0,0,1,0,0
2,julie ertz,357578,0,4,midfielder,6,1,0,53,170.0,0,0,usa,0,0,2,0,0,172,0,27,4,0,0,0,8,0,13,3,1,1,19,7,10,0,3,0,5,0,130,1,0,0,88,0,0,0,0,0,0,3,0,474,1992-04-06 00:00:00,0,0,6,0,0
0,abby dahlkemper,357572,1,0,defender,0,0,0,66.4,170.0,0,0,usa,0,0,0,0,0,385,0,26,0,0,0,0,7,0,11,0,0,0,0,3,0,0,2,0,0,0,331,0,0,0,47,0,0,0,0,0,0,3,0,622,1993-05-13 00:00:00,0,0,7,0,0
1,mallory pugh,381358,0,3,forward,2,5,0,14,162.0,0,0,usa,0,0,0,0,0,53,0,21,1,0,0,0,2,0,2,1,0,0,17,2,3,0,0,0,2,0,44,1,0,0,56,0,0,0,0,0,0,1,0,118,1998-04-29 00:00:00,1,0,3,0,1
0,becky sauerbrunn,212341,1,1,defender,0,0,0,54.7,170.0,0,0,usa,0,0,1,1,0,305,0,34,1,0,0,0,4,0,19,0,0,0,0,4,1,0,3,0,0,0,270,0,0,0,164,0,0,0,0,0,0,2,0,540,1985-06-06 00:00:00,0,0,6,0,0
,ashlyn harris,191970,,,goalkeeper,,,,,170.0,,,usa,,,,,,,,33,,,,,18,,,,,,0,,,,,,,,,,,,21,,,,,,,,,,1985-10-19 00:00:00,,,,,
0,ali krieger,294518,0,0,defender,0,4,0,15.4,168.0,0,0,usa,0,0,0,0,0,112,0,34,0,0,0,0,11,0,0,0,0,0,1,2,0,0,0,0,0,0,89,0,0,0,103,0,0,0,0,0,0,3,0,138,1984-07-28 00:00:00,0,0,3,0,0
5,rose lavelle,381352,0,5,midfielder,6,2,0,51.4,162.0,0,0,usa,0,0,3,0,0,164,0,24,4,0,0,0,16,0,3,7,0,1,10,2,14,0,0,0,4,0,121,3,0,0,33,0,0,0,0,0,0,2,0,427,1995-05-14 00:00:00,3,0,6,0,0
4,samantha mewis,300549,0,1,midfielder,8,5,0,56.6,180.0,0,0,usa,0,0,2,0,0,207,0,26,5,1,0,0,3,0,12,7,0,2,14,6,16,0,1,0,7,0,152,2,0,0,56,0,0,0,0,0,0,3,0,467,1992-10-09 00:00:00,2,0,6,0,3
6,carli lloyd,264572,0,7,forward,14,2,0,25.5,172.0,0,0,usa,0,0,1,0,0,59,0,36,1,1,0,0,10,0,1,8,1,1,113,1,16,1,0,0,7,0,40,3,0,0,281,0,0,0,0,0,0,6,0,194,1982-07-16 00:00:00,1,0,7,0,0
1,tobin heath,252102,0,6,forward,3,26,12,54.9,162.0,0,0,usa,0,0,3,0,0,172,0,31,2,2,0,0,17,0,1,2,0,1,30,2,8,0,0,0,3,0,118,0,0,0,156,0,0,0,0,0,0,5,0,494,1988-05-29 00:00:00,0,0,6,0,1
,adrianna franch,324229,,,goalkeeper,,,,,174.0,,,usa,,,,,,,,28,,,,,21,,,,,,0,,,,,,,,,,,,1,,,,,,,,,,1990-11-12 00:00:00,,,,,
6,megan rapinoe,212337,1,7,forward,9,21,16,42.3,167.0,0,0,usa,3,0,3,0,0,248,0,34,4,5,0,0,15,0,5,7,0,1,50,5,14,6,0,0,4,0,186,6,0,0,158,0,0,1,0,0,0,4,1,428,1985-07-05 00:00:00,0,0,5,0,3
4,christen press,301020,0,0,forward,8,17,11,31.1,170.0,0,0,usa,0,0,3,0,0,121,0,30,2,1,0,0,23,0,1,4,1,0,49,2,11,0,0,0,4,0,74,1,0,0,123,0,0,0,0,0,0,4,1,255,1988-12-29 00:00:00,0,0,7,0,1
12,alex morgan,302753,0,13,forward,18,0,1,52.3,170.0,0,0,usa,0,0,4,0,0,117,0,30,2,2,0,0,13,0,2,13,2,1,107,3,22,1,0,0,5,0,70,6,0,0,169,0,0,0,0,0,0,7,3,490,1989-07-02 00:00:00,3,0,6,0,3
0,tierna davidson,420165,0,0,defender,0,9,6,9.4,177.0,0,0,usa,0,0,0,0,0,85,0,20,0,0,0,0,12,0,3,0,0,0,1,2,0,0,0,0,0,0,74,0,0,0,21,0,0,0,0,0,0,1,2,90,1998-09-19 00:00:00,0,0,1,0,2
2,lindsey horan,357577,2,2,midfielder,5,2,0,45.9,175.0,0,0,usa,0,0,0,0,0,226,0,25,1,2,0,0,9,0,5,3,0,0,10,3,7,0,2,0,4,0,187,2,0,0,74,0,0,0,0,0,0,5,0,357,1994-05-26 00:00:00,1,0,6,0,2
2,crystal dunn,300533,0,6,defender,2,6,0,57.7,157.0,0,0,usa,0,0,0,0,0,351,0,27,2,1,0,0,19,0,14,3,0,1,24,14,6,0,1,0,3,0,266,0,0,0,91,0,0,0,0,0,0,2,1,540,1992-07-03 00:00:00,0,0,6,0,1
0,morgan brian,300777,0,4,midfielder,1,3,0,10.4,170.0,0,0,usa,0,0,0,0,0,48,0,26,0,0,0,0,6,0,2,0,0,0,6,2,1,0,0,0,1,0,42,0,0,0,83,0,0,0,0,0,0,1,0,90,1993-02-26 00:00:00,0,0,1,0,0
0,jessica mcdonald,301013,0,1,forward,1,2,0,5.2,182.0,0,0,usa,0,0,0,0,0,10,0,31,0,0,0,0,22,0,0,0,0,0,2,0,1,0,0,0,1,0,7,0,0,0,8,0,0,0,0,0,0,0,0,45,1988-02-28 00:00:00,0,0,1,0,0
0,allie long,252111,1,1,midfielder,0,0,0,4,172.0,0,0,usa,0,0,0,0,0,19,0,31,1,0,0,0,20,0,0,0,0,0,6,0,1,0,0,0,1,0,18,0,0,0,46,0,0,0,0,0,0,3,0,31,1987-08-13 00:00:00,0,0,1,0,0
1,hanna glas,420377,0,2,defender,2,4,0,66.6,172.0,0,0,sweden,0,0,0,0,0,313,0,26,2,0,0,0,4,0,21,2,0,1,0,19,4,0,1,0,2,0,247,0,0,0,29,0,0,0,0,0,0,5,0,597,1993-04-16 00:00:00,0,0,7,0,0
2,elin rubensson,324596,0,2,midfielder,3,8,0,48.6,166.0,0,0,sweden,1,0,1,0,0,183,0,26,2,0,0,0,23,0,8,2,0,0,3,8,5,1,0,0,2,0,140,1,0,0,68,0,0,0,0,0,0,5,1,415,1993-05-11 00:00:00,0,0,5,0,1
,jennifer falk,420376,,,goalkeeper,,,,,171.0,,,sweden,,,,,,,,26,,,,,12,,,,,,0,,,,,,,,,,,,0,,,,,,,,,,1993-04-26 00:00:00,,,,,
1,olivia schough,321281,0,1,midfielder,2,1,0,10,172.0,0,0,sweden,0,0,0,0,0,31,0,28,0,0,0,0,22,0,2,1,0,0,9,1,2,0,0,0,1,0,22,0,0,0,74,0,0,0,0,0,0,0,0,77,1991-03-11 00:00:00,0,0,2,0,0
1,fridolina rolfo,356452,2,0,forward,6,15,1,40.9,178.0,0,0,sweden,0,0,4,0,0,140,0,25,6,0,0,0,18,0,9,3,0,2,9,12,12,0,0,0,5,0,92,1,0,0,41,0,0,0,0,0,0,5,0,349,1993-11-24 00:00:00,1,0,6,0,0
3,madelen janogy,420379,0,1,midfielder,5,0,0,11.2,164.0,0,0,sweden,0,0,2,0,0,22,0,23,0,0,0,0,7,0,0,3,0,0,2,0,5,0,0,0,0,0,17,1,0,0,7,0,0,0,0,0,0,2,0,95,1995-11-12 00:00:00,1,0,3,0,0
0,nathalie bjorn,395147,0,1,defender,0,1,1,22.7,174.0,0,0,sweden,0,0,0,0,0,77,0,22,0,0,0,0,15,0,11,0,0,0,2,3,1,0,0,0,1,0,59,0,0,0,13,0,0,0,0,0,0,2,0,177,1997-05-04 00:00:00,0,0,4,0,0
0,mimmi larsson,395153,0,0,forward,0,0,0,3.1,168.0,0,0,sweden,0,0,0,0,0,4,0,25,0,0,0,0,20,0,0,0,0,0,6,3,0,0,0,0,0,0,3,0,0,0,22,0,0,0,0,0,0,0,0,22,1994-04-09 00:00:00,0,0,2,0,0
,julia roddar,420383,,,midfielder,,,,,167.0,,,sweden,,,,,,,,27,,,,,14,,,,,,0,,,,,,,,,,,,6,,,,,,,,,,1992-02-16 00:00:00,,,,,
1,julia zigiotti,398275,1,1,midfielder,2,1,0,22.7,163.0,0,0,sweden,0,0,2,0,0,59,0,21,2,0,0,0,16,0,3,2,0,1,0,2,5,0,0,0,1,0,40,0,0,0,10,0,0,0,0,0,0,2,0,176,1997-12-24 00:00:00,0,0,3,0,0
0,jonna andersson,395146,0,0,defender,0,0,1,13.2,167.0,0,0,sweden,0,0,0,0,0,46,0,26,0,0,0,0,2,0,7,0,0,0,0,0,0,0,0,0,0,0,32,0,0,0,43,0,0,0,0,0,0,0,0,99,1993-01-02 00:00:00,0,0,2,0,0
1,linda sembrant,298806,0,0,defender,2,0,0,70.9,175.0,0,0,sweden,0,0,0,0,0,299,0,32,1,0,0,0,3,0,22,1,1,0,9,5,3,0,2,0,2,0,258,1,0,0,117,0,0,0,0,0,0,5,0,660,1987-05-15 00:00:00,0,0,7,0,1
1,nilla fischer,265233,0,3,defender,2,0,0,57.2,176.0,0,0,sweden,0,0,0,0,0,335,0,34,1,0,0,0,5,0,9,2,0,1,23,0,3,0,5,0,1,0,282,0,0,0,182,0,0,0,0,0,0,7,0,546,1984-08-02 00:00:00,0,0,6,0,0
5,sofia jakobsson,321274,1,2,forward,6,17,0,67,174.0,0,0,sweden,0,0,0,0,0,123,0,29,7,2,0,0,10,0,6,7,0,2,19,6,14,2,0,0,7,0,55,2,0,0,107,0,0,0,0,0,0,4,0,570,1990-04-23 00:00:00,0,0,6,0,0
0,caroline seger,265238,0,7,midfielder,1,1,0,70.7,173.0,0,0,sweden,0,0,2,0,0,346,0,34,2,0,0,0,17,0,13,0,0,0,27,14,3,0,1,0,1,0,288,0,0,0,200,0,0,0,0,0,0,4,0,612,1985-03-19 00:00:00,0,0,7,0,0
1,anna anvegard,398248,0,0,forward,4,0,0,10.7,167.0,0,0,sweden,0,0,1,0,0,39,0,22,1,0,0,0,19,0,0,1,0,0,1,0,5,0,0,0,3,0,31,0,0,0,12,0,0,0,0,0,0,1,0,103,1997-05-10 00:00:00,0,0,3,0,1
3,magdalena eriksson,386970,1,4,defender,4,25,20,62,172.0,0,0,sweden,0,0,0,0,0,361,0,25,3,0,0,0,6,0,9,4,0,1,5,8,7,0,2,0,3,0,234,0,0,0,55,0,0,1,0,0,0,7,2,561,1993-09-08 00:00:00,0,0,6,0,1
5,stina blackstenius,395148,0,4,forward,10,5,0,60,174.0,0,0,sweden,0,0,2,0,0,85,0,23,2,7,0,0,11,0,2,6,0,0,12,2,14,1,0,0,6,0,58,2,0,0,50,0,0,0,0,0,0,4,0,535,1996-02-05 00:00:00,1,0,6,0,1
,zecira musovic,387088,,,goalkeeper,,,,,178.0,,,sweden,,,,,,,,23,,,,,21,,,,,,0,,,,,,,,,,,,2,,,,,,,,,,1996-05-26 00:00:00,,,,,
4,kosovare asllani,298807,1,19,midfielder,13,26,16,71.4,166.0,0,0,sweden,0,0,4,1,0,247,0,29,3,0,0,0,9,0,9,5,0,0,35,11,17,1,2,0,8,0,173,3,0,0,134,0,0,0,0,0,0,24,1,604,1989-07-29 00:00:00,2,0,7,0,1
3,lina hurtig,387093,0,3,forward,5,3,0,33.9,180.0,0,0,sweden,0,0,0,0,0,73,0,23,1,0,0,0,8,0,4,4,1,1,4,3,6,0,0,0,2,0,52,1,0,0,25,0,0,0,0,0,0,8,0,270,1995-09-05 00:00:00,0,0,7,0,0
0,hedvig lindahl,191872,1,0,goalkeeper,0,0,0,41.6,179.0,0,0,sweden,0,0,0,0,0,116,0,36,0,0,0,0,1,0,13,0,0,0,0,0,0,0,0,0,0,80,88,0,0,0,165,0,0,0,0,0,0,0,0,660,1983-04-29 00:00:00,0,19,7,0,0
0,amanda ilestedt,324571,0,0,defender,0,0,0,17,178.0,0,0,sweden,0,0,0,0,0,37,0,26,0,0,0,0,13,0,10,0,0,0,2,0,0,0,1,0,0,0,27,0,0,0,29,0,0,0,0,0,0,2,0,132,1993-01-17 00:00:00,0,0,3,0,0
8,sara daebritz,358757,0,6,midfielder,11,6,3,50.3,171.0,0,0,germany,1,0,5,0,0,162,0,24,9,0,0,0,13,0,6,10,0,2,13,9,20,1,2,0,5,0,124,3,0,0,65,0,0,1,0,0,0,7,0,450,1995-02-15 00:00:00,2,0,5,0,1
0,dzsenifer marozsan,300502,0,3,midfielder,0,5,10,13.6,171.0,0,0,germany,0,0,0,0,0,66,0,27,0,0,0,0,10,0,0,0,0,0,32,4,0,0,0,0,0,0,42,0,0,0,92,0,0,0,0,0,0,0,1,135,1992-04-18 00:00:00,0,0,2,0,0
3,giulia gwinn,397127,0,2,defender,4,9,1,54.6,170.0,0,0,germany,0,0,0,0,0,229,0,20,4,3,0,0,15,0,11,5,0,2,2,9,8,1,1,0,3,0,178,1,0,0,13,0,0,0,0,0,0,4,0,450,1999-07-02 00:00:00,0,0,5,0,1
0,sara doorsoun,300511,0,5,defender,0,0,0,49.1,168.0,0,0,germany,0,0,0,0,0,273,0,27,0,0,0,0,23,0,19,0,0,0,0,11,0,0,3,0,0,0,231,0,0,0,30,0,0,0,0,0,0,1,0,450,1991-11-17 00:00:00,0,0,5,0,0
1,marina hegering,296661,0,4,defender,3,1,0,49.6,170.0,0,0,germany,0,0,1,0,0,276,0,29,2,0,0,0,5,0,10,1,0,0,0,1,5,0,6,0,3,0,235,0,0,0,8,0,0,0,0,0,0,5,0,450,1990-04-17 00:00:00,0,0,5,0,0
0,kathrin hendrich,300514,0,3,defender,1,1,0,15.6,174.0,0,0,germany,0,0,1,0,0,73,0,27,0,0,0,0,3,0,1,0,0,0,4,0,1,0,0,0,0,0,58,0,0,0,31,0,0,0,0,0,0,0,0,135,1992-04-06 00:00:00,0,0,2,0,0
0,lena goessling,213596,0,1,defender,0,1,1,9.8,171.0,0,0,germany,0,0,0,0,0,26,0,33,0,0,0,0,8,0,1,0,0,0,10,0,0,0,1,0,0,0,19,0,0,0,106,0,0,0,0,0,0,0,0,80,1986-03-08 00:00:00,0,0,1,0,0
2,lina magull,325670,1,12,midfielder,6,8,8,36.3,166.0,0,0,germany,0,0,3,0,0,170,0,24,2,1,0,0,20,0,3,3,0,1,9,4,8,1,0,0,2,0,137,2,0,0,36,0,0,2,0,0,0,5,0,302,1994-08-15 00:00:00,1,0,5,0,1
0,linda dallmann,357386,0,1,midfielder,1,0,0,9.4,158.0,0,0,germany,0,0,1,0,0,39,0,24,0,2,0,0,16,0,2,0,0,0,5,2,1,0,0,0,0,0,32,0,0,0,23,0,0,0,0,0,0,0,0,76,1994-09-02 00:00:00,0,0,2,0,0
,johanna elsig,300513,,,defender,,,,,177.0,,,germany,,,,,,,,26,,,,,14,,,,,,0,,,,,,,,,,,,12,,,,,,,,,,1992-11-01 00:00:00,,,,,
,laura benkarth,324474,,,goalkeeper,,,,,173.0,,,germany,,,,,,,,26,,,,,12,,,,,,0,,,,,,,,,,,,8,,,,,,,,,,1992-10-14 00:00:00,,,,,
0,almuth schult,300520,0,1,goalkeeper,0,0,0,27.9,180.0,0,0,germany,0,0,0,0,0,157,0,28,0,0,0,0,1,0,11,0,0,0,0,0,0,0,0,0,0,81.8,118,0,0,0,64,0,0,0,0,0,0,0,0,450,1991-02-09 00:00:00,0,9,5,0,0
2,melanie leupolz,325668,0,3,midfielder,2,0,0,23.6,173.0,0,0,germany,0,0,0,0,0,120,0,25,1,0,0,0,18,0,1,2,1,0,9,4,3,0,0,0,1,0,101,1,0,0,62,0,0,0,0,0,0,2,0,208,1994-04-14 00:00:00,0,0,4,0,0
0,verena schweers,296659,1,2,defender,0,9,5,20.4,170.0,0,0,germany,0,0,0,0,0,98,0,30,0,1,0,0,17,0,8,0,0,0,3,3,0,0,0,0,0,0,67,0,0,0,47,0,0,0,0,0,0,3,0,180,1989-05-22 00:00:00,0,0,3,0,1
,turid knaak,300507,,,midfielder,,,,,168.0,,,germany,,,,,,,,28,,,,,22,,,,,,1,,,,,,,,,,,,8,,,,,,,,,,1991-01-24 00:00:00,,,,,
0,lena oberdorf,397141,1,2,midfielder,1,0,0,17.3,174.0,0,0,germany,0,0,0,0,0,56,0,17,0,0,0,0,6,0,3,0,0,0,0,5,1,0,1,0,1,0,38,0,0,0,7,0,0,0,0,0,0,4,0,151,2001-12-19 00:00:00,0,0,4,0,0
2,klara buehl,397123,0,0,forward,3,2,0,18.2,172.0,0,0,germany,0,0,1,0,0,38,0,18,1,1,0,0,19,0,1,2,0,0,0,4,4,0,0,0,1,0,30,0,0,0,5,0,0,0,0,0,0,3,0,156,2000-12-07 00:00:00,0,0,3,0,0
0,carolin simon,300499,0,1,defender,1,8,8,21.8,164.0,0,0,germany,0,0,0,0,0,151,0,26,1,0,0,0,2,0,6,0,0,0,3,5,2,0,0,0,2,0,123,0,0,0,20,0,0,0,0,0,0,4,0,178,1992-11-24 00:00:00,0,0,4,0,0
3,lea schueller,377677,0,1,forward,3,1,0,21.6,173.0,0,0,germany,0,0,0,0,0,36,0,21,0,2,0,0,7,0,0,3,0,0,9,0,3,1,1,0,0,0,26,1,0,0,17,0,0,0,0,0,0,0,0,188,1997-11-12 00:00:00,0,0,4,0,0
1,svenja huth,300505,1,6,midfielder,4,14,0,47.2,163.0,0,0,germany,0,0,1,0,0,177,0,28,4,6,0,0,9,0,1,2,0,1,7,3,8,0,0,0,5,0,120,0,0,0,49,0,0,0,0,0,0,3,0,414,1991-01-25 00:00:00,0,0,5,0,0
7,alexandra popp,300509,1,9,forward,13,2,0,50.3,174.0,0,0,germany,0,0,3,0,0,129,0,28,4,2,0,0,11,0,8,7,2,0,48,5,17,0,2,0,7,0,85,2,0,0,101,0,0,0,0,0,0,5,0,450,1991-04-06 00:00:00,0,0,5,0,0
,merle frohms,358768,,,goalkeeper,,,,,175.0,,,germany,,,,,,,,24,,,,,21,,,,,,0,,,,,,,,,,,,4,,,,,,,,,,1995-01-28 00:00:00,,,,,
0,leonie maier,301381,0,0,defender,0,0,0,6.4,163.0,0,0,germany,0,0,0,0,0,28,0,26,0,0,0,0,4,0,0,0,0,0,10,0,0,0,0,0,0,0,21,0,0,0,70,0,0,0,0,0,0,0,0,47,1992-09-29 00:00:00,0,0,1,0,0
0,nicole mcclure,420519,0,1,goalkeeper,0,0,0,3.9,172.0,0,0,jamaica,0,0,0,0,0,5,0,29,0,0,0,0,13,0,1,0,0,0,0,0,0,0,0,0,0,42.9,2,0,0,0,16,0,0,0,0,0,0,0,0,90,1989-11-16 00:00:00,0,3,1,0,0
0,chinyelu asher,420514,0,2,midfielder,0,1,0,13.7,168.0,0,0,jamaica,0,0,1,0,0,21,0,26,1,0,0,0,7,0,3,0,0,0,3,3,1,0,0,0,0,0,17,0,0,0,23,0,0,0,0,0,0,0,0,108,1993-05-20 00:00:00,0,0,2,0,0
0,lauren silver,420706,0,0,midfielder,0,0,1,2.2,157.0,0,0,jamaica,0,0,0,0,0,8,0,26,0,0,0,0,2,0,0,0,0,0,1,0,0,0,0,0,0,0,6,0,0,0,18,0,0,0,0,0,0,0,0,14,1993-03-22 00:00:00,0,0,1,0,0
0,dominique bond-flasza,420522,0,0,defender,0,2,0,9.8,165.0,0,0,jamaica,0,0,0,0,0,40,0,22,1,0,0,0,16,0,4,0,0,0,2,3,1,0,1,0,1,0,27,0,0,0,17,0,0,1,0,0,0,0,0,90,1996-09-11 00:00:00,0,0,1,0,0
0,sydney schneider,420511,1,1,goalkeeper,0,0,0,8.1,178.0,0,0,jamaica,0,0,0,0,0,27,0,19,0,0,0,0,1,0,1,0,0,0,0,0,0,0,0,0,0,33.3,22,0,0,0,12,0,0,0,0,0,0,0,0,180,1999-08-31 00:00:00,0,4,2,0,0
0,allyson swaby,420523,0,2,defender,1,0,0,28.3,172.0,0,0,jamaica,0,0,0,2,0,78,0,22,1,0,0,0,17,0,16,0,0,0,0,2,2,0,0,0,2,0,64,0,0,0,16,0,0,0,0,0,0,2,0,270,1996-10-03 00:00:00,0,0,3,0,0
1,havana solaun,420509,0,1,midfielder,1,0,0,22,179.0,0,0,jamaica,0,0,1,0,0,59,0,26,3,0,0,0,6,0,3,2,0,1,1,4,4,0,0,0,1,0,51,1,0,0,5,0,0,0,0,0,0,3,0,207,1993-02-23 00:00:00,1,0,3,0,0
0,konya plummer,420513,2,2,defender,1,0,0,26.6,173.0,0,0,jamaica,0,0,0,0,0,81,0,21,0,0,0,0,5,0,20,0,0,0,1,9,1,0,1,0,1,0,54,0,0,0,20,0,0,0,0,0,0,5,0,270,1997-08-02 00:00:00,0,0,3,0,0
0,jody brown,420516,0,0,forward,0,0,0,8,163.0,0,0,jamaica,0,0,0,0,0,17,0,17,0,0,0,0,10,0,0,0,0,0,8,0,0,0,0,0,0,0,12,0,0,0,16,0,0,0,0,0,0,0,0,70,2002-04-16 00:00:00,0,0,3,0,0
1,khadija shaw,420517,1,7,forward,8,3,0,27.8,180.0,0,0,jamaica,0,0,4,0,0,55,0,22,6,1,0,0,11,0,11,4,0,3,31,7,14,0,0,0,6,0,29,0,0,0,26,0,0,1,0,0,0,3,1,270,1997-01-31 00:00:00,0,0,3,0,1
0,marlo sweatman,420515,0,0,defender,0,5,3,15.1,173.0,0,0,jamaica,0,0,0,0,0,51,0,24,0,0,0,0,9,0,1,0,0,0,3,1,0,0,1,0,0,0,37,0,0,0,15,0,0,0,0,0,0,2,0,135,1994-12-01 00:00:00,0,0,2,0,0
,yazmeen jamieson,420500,,,goalkeeper,,,,,180.0,,,jamaica,,,,,,,,21,,,,,23,,,,,,0,,,,,,,,,,,,3,,,,,,,,,,1998-03-17 00:00:00,,,,,
0,tiffany cameron,300473,0,1,forward,0,0,0,7.5,165.0,0,0,jamaica,0,0,0,0,0,7,0,27,0,1,0,0,15,0,0,0,0,0,0,0,0,0,0,0,0,0,6,0,0,0,5,0,0,0,0,0,0,0,0,56,1991-10-16 00:00:00,0,0,2,0,0
0,olufolasade adamolekun,420526,0,0,forward,2,3,3,7.7,173.0,0,0,jamaica,0,0,2,0,0,26,0,18,0,0,0,0,21,0,0,0,0,0,0,0,2,0,0,0,0,0,16,0,0,0,4,0,0,0,0,0,0,0,0,76,2001-02-21 00:00:00,0,0,1,0,0
,chanel hudson-marks,420497,,,defender,,,,,168.0,,,jamaica,,,,,,,,21,,,,,3,,,,,,0,,,,,,,,,,,,4,,,,,,,,,,1997-09-14 00:00:00,,,,,
,ashleigh shim,420506,,,midfielder,,,,,163.0,,,jamaica,,,,,,,,25,,,,,8,,,,,,1,,,,,,,,,,,,14,,,,,,,,,,1993-11-11 00:00:00,,,,,
1,cheyna matthews,420510,0,0,forward,1,3,0,13.2,175.0,0,0,jamaica,0,0,1,0,0,25,0,25,1,0,0,0,20,0,0,1,0,0,0,0,2,0,0,0,0,0,13,0,0,0,5,0,0,0,0,0,0,3,0,121,1993-11-10 00:00:00,0,0,2,0,0
0,chantelle swaby,420512,0,0,midfielder,0,2,0,23.8,178.0,0,0,jamaica,0,0,0,0,0,68,0,20,0,0,0,0,4,0,11,0,0,0,0,10,0,0,2,0,0,0,45,0,0,0,13,0,0,0,0,0,0,1,0,225,1998-08-06 00:00:00,0,0,3,0,0
0,toriana patterson,420524,0,3,defender,0,0,0,10.2,172.0,0,0,jamaica,0,0,0,0,0,21,0,25,0,0,0,0,19,0,3,0,0,0,0,2,0,0,0,0,0,0,14,0,0,0,11,0,0,0,0,0,0,2,0,90,1994-02-02 00:00:00,0,0,1,0,0
0,sashana campbell,420518,0,0,midfielder,0,0,0,18.1,160.0,0,0,jamaica,0,0,0,0,0,72,0,28,0,0,0,0,12,0,9,0,0,0,2,9,0,0,0,0,0,0,57,0,0,0,26,0,0,0,0,0,0,0,0,180,1991-03-02 00:00:00,0,0,2,0,0
0,deneisha blackwood,420520,0,1,defender,2,1,0,28.7,171.0,0,0,jamaica,0,0,1,0,0,95,0,22,2,0,0,0,14,0,13,1,0,1,2,5,4,0,0,0,2,0,59,0,0,0,17,0,0,0,0,0,0,1,1,270,1997-03-07 00:00:00,0,0,3,0,0
0,mireya grey,420495,0,1,forward,1,1,1,15.2,160.0,0,0,jamaica,0,0,0,0,0,13,0,20,1,1,0,0,22,0,1,0,0,0,0,1,2,0,0,0,2,0,8,0,0,0,3,0,0,0,0,0,0,0,0,138,1998-09-07 00:00:00,0,0,2,0,0
0,trudi carter,420488,0,2,forward,1,3,0,11.8,157.0,0,0,jamaica,0,0,2,0,0,24,0,24,2,2,0,0,18,0,0,0,0,0,4,0,3,0,0,0,1,0,18,0,0,0,13,0,0,0,0,0,0,2,0,110,1994-11-18 00:00:00,0,0,2,0,0
0,waraporn boonsing,262407,1,2,goalkeeper,0,0,0,10.2,170.0,0,0,thailand,0,0,0,0,0,34,0,29,0,0,0,0,1,0,0,0,0,0,0,0,0,0,0,0,0,66.7,18,0,0,0,142,0,0,0,0,0,0,1,0,180,1990-02-16 00:00:00,0,16,2,0,0
0,pikul khueanpet,227280,0,0,midfielder,0,0,0,26.6,161.0,0,0,thailand,0,0,0,0,0,69,0,30,0,0,0,0,6,0,3,0,0,0,2,6,1,0,0,0,1,0,47,0,0,0,103,0,0,0,0,0,0,0,0,235,1988-09-20 00:00:00,0,0,3,0,0
1,rattikan thongsombut,387011,0,2,forward,1,1,0,20.8,160.0,0,0,thailand,0,0,0,0,0,31,0,28,1,0,0,0,12,0,3,2,0,1,27,2,2,0,0,0,0,0,17,0,0,0,56,0,0,0,0,0,0,2,0,179,1991-07-07 00:00:00,0,0,3,0,0
0,taneekarn dangda,387015,2,3,forward,0,0,0,12.5,175.0,0,0,thailand,0,0,0,0,0,20,0,26,2,0,0,0,17,0,4,2,0,2,19,3,2,0,0,0,0,0,14,0,0,0,73,0,0,0,0,0,0,2,0,115,1992-12-15 00:00:00,0,0,2,0,1
,khwanrudi saengchan,348414,,,midfielder,,,,,160.0,,,thailand,,,,,,,,28,,,,,16,,,,,,2,,,,,,,,,,,,50,,,,,,,,,,1991-05-16 00:00:00,,,,,
0,miranda nild,420606,0,0,forward,0,0,0,33.2,174.0,0,0,thailand,0,0,0,0,0,65,0,22,1,0,0,0,8,0,4,0,0,0,12,3,1,0,0,0,1,0,50,0,0,0,22,0,0,0,0,0,0,1,0,270,1997-04-01 00:00:00,0,0,3,0,0
,duangnapa sritala,227262,,,defender,,,,,160.0,,,thailand,,,,,,,,33,,,,,4,,,,,,3,,,,,,,,,,,,117,,,,,,,,,,1986-02-04 00:00:00,,,,,
0,sudarat chuchuen,420596,0,0,defender,0,0,0,3.3,164.0,0,0,thailand,0,0,0,0,0,4,0,22,0,0,0,0,11,0,1,0,0,0,0,1,0,0,0,0,0,0,2,0,0,0,14,0,0,0,0,0,0,1,0,18,1997-06-19 00:00:00,0,0,2,0,0
0,wilaiporn boothduang,387016,0,1,midfielder,0,0,0,5,157.0,0,0,thailand,0,0,0,0,0,8,0,32,0,0,0,0,20,0,0,0,0,0,15,0,0,0,0,0,0,0,4,0,0,0,57,0,0,0,0,0,0,0,0,35,1987-06-25 00:00:00,0,0,1,0,0
0,orathai srimanee,227264,0,0,midfielder,0,0,0,5,154.0,0,0,thailand,0,0,0,0,0,10,0,31,0,0,0,0,13,0,0,0,0,0,4,0,0,0,0,0,0,0,8,0,0,0,43,0,0,0,0,0,0,1,0,44,1988-06-12 00:00:00,0,0,2,0,0
0,orapin waenngoen,420604,0,3,midfielder,0,0,0,5.6,155.0,0,0,thailand,0,0,0,0,0,9,0,23,0,0,0,0,15,0,1,0,0,0,0,1,1,0,0,0,1,0,3,0,0,0,2,0,0,0,0,0,0,2,0,41,1995-10-07 00:00:00,0,0,2,0,0
0,ainon phancha,387003,0,1,defender,0,1,0,28.1,161.0,0,0,thailand,0,0,0,0,0,69,0,27,0,0,0,0,5,0,9,0,0,0,4,11,1,0,1,0,1,0,33,0,0,0,19,0,0,0,0,0,0,5,0,270,1992-01-26 00:00:00,0,0,3,0,0
0,sukanya chor charoenying,387017,0,1,goalkeeper,0,0,0,4.2,165.0,0,0,thailand,0,0,0,0,0,10,0,31,0,0,0,0,18,0,0,0,0,0,0,0,0,0,0,0,0,38.1,5,0,0,0,43,0,0,0,0,0,0,0,0,90,1987-11-24 00:00:00,0,8,1,0,0
0,kanjanaporn saenkhun,420605,0,0,defender,0,0,0,9.4,161.0,0,0,thailand,0,0,0,0,0,15,0,22,0,0,0,0,2,0,0,0,0,0,0,3,0,0,3,0,0,0,9,0,0,0,14,0,0,0,0,0,0,0,0,91,1996-07-18 00:00:00,0,0,2,0,0
,phonphirun philawan,420601,,,defender,,,,,166.0,,,thailand,,,,,,,,20,,,,,23,,,,,,0,,,,,,,,,,,,3,,,,,,,,,,1999-04-08 00:00:00,,,,,
0,silawan intamee,387007,0,1,midfielder,0,4,3,27,165.0,0,0,thailand,0,0,1,0,0,65,0,25,0,1,0,0,7,0,2,1,0,0,9,3,2,0,0,0,0,0,37,0,0,0,68,0,0,0,0,0,0,0,0,252,1994-01-22 00:00:00,0,0,3,0,0
0,pitsamai sornsai,262417,1,0,forward,0,0,0,18.6,172.0,0,0,thailand,0,0,0,0,0,42,0,30,0,0,0,0,19,0,16,0,0,0,75,5,0,0,0,0,0,0,25,0,0,0,115,0,0,0,0,0,0,1,0,180,1989-01-19 00:00:00,0,0,2,0,0
,tiffany sornpao,420603,,,goalkeeper,,,,,170.0,,,thailand,,,,,,,,21,,,,,22,,,,,,0,,,,,,,,,,,,2,,,,,,,,,,1998-05-22 00:00:00,,,,,
0,natthakarn chinwong,387002,1,2,defender,0,0,0,25,161.0,0,0,thailand,0,0,0,1,0,39,0,27,0,0,0,0,3,0,19,0,0,0,1,8,0,0,5,0,0,0,24,0,0,0,25,0,0,0,0,0,0,1,0,270,1992-03-15 00:00:00,0,0,3,0,0
,saowalak pengngam,420607,,,forward,,,,,166.0,,,thailand,,,,,,,,22,,,,,14,,,,,,6,,,,,,,,,,,,21,,,,,,,,,,1996-11-30 00:00:00,,,,,
0,sunisa srangthaisong,262413,0,2,defender,0,0,0,29.8,160.0,0,0,thailand,0,0,0,0,0,116,0,31,0,0,0,0,10,0,6,0,0,0,4,11,0,0,2,0,0,0,77,0,0,0,91,0,0,0,0,0,0,0,0,270,1988-05-06 00:00:00,0,0,3,0,0
1,kanjana sung-ngoen,339794,0,1,midfielder,2,4,0,28.2,164.0,0,0,thailand,0,0,0,0,0,71,0,32,0,2,0,0,21,0,1,2,0,0,17,3,3,1,0,0,1,0,52,1,0,0,59,0,0,0,0,0,0,2,0,270,1986-09-21 00:00:00,0,0,3,0,0
0,warunee phetwiset,387009,0,1,defender,0,0,0,16.3,153.0,0,0,thailand,0,0,0,0,0,54,0,28,0,0,0,0,9,0,3,0,0,0,0,6,0,0,0,0,0,0,30,0,0,0,44,0,0,0,0,0,0,1,0,160,1990-12-13 00:00:00,0,0,2,0,0
,son hwayeon,420235,,,forward,,,,,168.0,,,korea republic,,,,,,,,22,,,,,22,,,,,,7,,,,,,,,,,,,20,,,,,,,,,,1997-03-15 00:00:00,,,,,
0,jang selgi,322912,0,3,defender,0,2,0,29.8,163.0,0,0,korea republic,0,0,1,0,0,171,0,25,2,0,0,0,16,0,12,0,0,0,11,8,2,0,1,0,1,0,133,0,0,0,58,0,0,0,0,0,0,2,0,270,1994-05-31 00:00:00,0,0,3,0,0
,lim seonjoo,321192,,,defender,,,,,168.0,,,korea republic,,,,,,,,28,,,,,6,,,,,,5,,,,,,,,,,,,76,,,,,,,,,,1990-11-27 00:00:00,,,,,
,jung boram,300726,,,goalkeeper,,,,,172.0,,,korea republic,,,,,,,,27,,,,,21,,,,,,0,,,,,,,,,,,,3,,,,,,,,,,1991-07-22 00:00:00,,,,,
0,kim minjung,398223,0,2,goalkeeper,0,0,0,12.5,175.0,0,0,korea republic,0,0,0,0,0,48,0,22,0,0,0,0,18,0,4,0,0,0,0,0,0,0,0,0,0,38.5,31,0,0,0,6,0,0,0,0,0,0,0,0,270,1996-09-12 00:00:00,0,5,3,0,0
0,lee youngju,301327,0,1,midfielder,0,0,0,7.8,163.0,0,0,korea republic,0,0,0,0,0,20,0,27,0,0,0,0,15,0,1,0,0,0,2,1,0,0,2,0,0,0,11,0,0,0,30,0,0,0,0,0,0,0,0,69,1992-04-22 00:00:00,0,0,1,0,0
0,shin damyeong,322914,0,1,defender,0,0,0,9,170.0,0,0,korea republic,0,0,0,0,0,44,0,25,0,0,0,0,14,0,7,0,0,0,1,3,0,0,0,0,0,0,39,0,0,0,39,0,0,0,0,0,0,0,0,90,1993-10-02 00:00:00,0,0,1,0,0
4,yeo minji,322921,1,3,forward,7,3,4,15.8,163.0,0,0,korea republic,0,0,1,0,0,41,0,26,2,0,0,0,13,0,0,5,0,1,13,0,9,1,0,0,3,0,33,1,0,0,38,0,0,0,0,0,0,5,0,128,1993-04-27 00:00:00,0,0,3,0,0
0,kim doyeon,387141,0,0,defender,0,0,0,25.8,167.0,0,0,korea republic,0,0,0,0,0,133,0,30,0,0,0,0,5,0,3,0,0,0,1,0,0,0,3,0,0,0,122,0,0,0,83,0,0,0,0,0,0,0,0,270,1988-12-07 00:00:00,0,0,3,0,0
0,jung seolbin,387208,0,2,forward,0,4,2,16,165.0,0,0,korea republic,0,0,0,0,0,30,0,29,0,2,0,0,11,0,1,0,0,0,21,0,0,0,0,0,0,0,20,0,0,0,77,0,0,0,0,0,0,1,0,142,1990-01-06 00:00:00,0,0,2,0,0
,kang gaae,324303,,,goalkeeper,,,,,172.0,,,korea republic,,,,,,,,28,,,,,1,,,,,,0,,,,,,,,,,,,13,,,,,,,,,,1990-12-10 00:00:00,,,,,
0,lee mina,301330,0,1,midfielder,1,0,0,12.9,158.0,0,0,korea republic,0,0,1,0,0,54,0,27,3,0,0,0,7,0,1,1,0,1,14,1,4,0,0,0,2,0,45,0,0,0,60,0,0,0,0,0,0,0,0,101,1991-11-08 00:00:00,0,0,3,0,0
0,lee eunmi,387207,0,1,defender,0,3,0,8.9,170.0,0,0,korea republic,0,0,0,0,0,51,0,30,0,0,0,0,2,0,1,0,0,0,14,1,0,0,0,0,0,0,43,0,0,0,89,0,0,0,0,0,0,0,0,79,1988-08-18 00:00:00,0,0,1,0,0
0,ji soyun,300735,1,4,forward,1,3,3,30.7,160.0,0,0,korea republic,0,0,2,0,0,150,0,28,4,0,0,0,10,0,2,1,0,1,54,3,5,0,1,0,2,0,131,0,0,0,119,0,0,2,0,0,0,6,0,270,1991-02-21 00:00:00,0,0,3,0,0
0,kang yumi,324499,0,0,midfielder,0,0,0,7.3,163.0,0,0,korea republic,0,0,0,0,0,13,0,27,0,0,0,0,12,0,0,0,0,0,8,0,0,0,0,0,0,0,6,0,0,0,28,0,0,0,0,0,0,0,0,60,1991-10-05 00:00:00,0,0,2,0,0
2,moon mira,357467,0,1,midfielder,3,0,0,13,165.0,0,0,korea republic,0,0,3,0,0,35,0,27,3,0,0,0,9,0,1,2,0,0,11,2,6,0,0,0,1,0,28,0,0,0,25,0,0,0,0,0,0,0,0,116,1992-02-28 00:00:00,0,0,2,0,0
0,jeong yeonga,324502,0,0,defender,0,0,0,1.6,168.0,0,0,korea republic,0,0,0,0,0,9,0,28,0,0,0,0,3,0,0,0,0,0,0,1,0,0,0,0,0,0,6,0,0,0,13,0,0,0,0,0,0,0,0,11,1990-12-09 00:00:00,0,0,1,0,0
0,hwang boram,387210,1,2,defender,0,0,0,18.2,164.0,0,0,korea republic,0,0,0,0,0,103,0,31,0,0,0,0,4,0,2,0,0,0,0,3,0,0,0,0,0,0,90,0,0,0,45,0,0,0,0,0,0,1,0,180,1987-10-06 00:00:00,0,0,2,0,0
2,lee geummin,301317,0,2,forward,6,4,2,31.4,169.0,0,0,korea republic,0,0,3,0,0,78,0,25,1,1,0,0,17,0,2,2,0,0,16,3,7,0,0,0,2,0,59,0,0,0,54,0,0,0,0,0,0,3,0,270,1994-04-07 00:00:00,0,0,3,0,1
0,kim hyeri,321968,0,0,defender,0,2,0,18.7,167.0,0,0,korea republic,0,0,0,0,0,94,0,29,1,0,0,0,20,0,2,1,0,1,1,3,1,0,0,0,0,0,69,0,0,0,83,0,0,0,0,0,0,3,0,180,1990-06-25 00:00:00,0,0,2,0,0
2,cho sohyun,387209,1,8,midfielder,4,3,0,31.7,167.0,0,0,korea republic,0,0,1,1,0,134,0,31,1,0,0,0,8,0,6,3,0,1,20,7,5,0,2,0,1,0,99,0,0,0,124,0,0,0,0,0,0,8,0,270,1988-06-24 00:00:00,0,0,3,0,0
0,lee sodam,326167,0,0,midfielder,0,0,0,1.9,160.0,0,0,korea republic,0,0,0,0,0,14,0,24,0,0,0,0,19,0,0,0,0,0,5,0,0,0,0,0,0,0,13,0,0,0,51,0,0,0,0,0,0,0,0,14,1994-10-12 00:00:00,0,0,1,0,0
0,kang chaerim,398218,0,3,midfielder,0,2,0,22.2,163.0,0,0,korea republic,0,0,1,1,0,48,0,21,3,0,0,0,23,0,3,0,0,0,0,4,3,0,1,0,2,0,35,0,0,0,4,0,0,0,0,0,0,3,0,180,1998-03-23 00:00:00,0,0,3,0,0
